Pages les plus populaires,Clics,Impressions,CTR,Position
https://www.michelinman.com/auto/electric-vehicle-tires,717,44819,1.6%,15.44
https://www.michelinman.com/auto/auto-tips-and-advice/electric-mobility-guide/quiet-and-comfortable,330,15602,2.12%,15.42
https://www.michelinman.com/auto/auto-tips-and-advice/electric-mobility-guide/plug-in-hybrid-vehicle,315,16284,1.93%,34.47
https://www.michelinman.com/auto/auto-tips-and-advice/electric-mobility-guide/ev-tire-pressure-and-maintenance,304,10521,2.89%,12.08
https://www.michelinman.com/auto/auto-tips-and-advice/electric-mobility-guide/winter-tires,287,13606,2.11%,19.83
https://www.michelinman.com/auto/auto-tips-and-advice/electric-mobility-guide/how-tires-impact-your-electric-vehicle-range,269,11175,2.41%,27.49
https://www.michelinman.com/auto/auto-tips-and-advice/electric-mobility-guide/car-noise,235,18611,1.26%,27.12
https://www.michelinman.com/auto/auto-tips-and-advice/electric-mobility-guide/understanding-ev-tires,231,39327,0.59%,19.92
https://www.michelinman.com/auto/auto-tips-and-advice/electric-mobility-guide/winter-tire-guide-for-hybrid-and-electric-cars,195,10555,1.85%,26.11
https://www.michelinman.com/auto/auto-tips-and-advice/electric-mobility-guide/tires-rated-for-high-load-capacity,125,5138,2.43%,9.8
https://www.michelinman.com/auto/electric-vehicles-faq,116,4946,2.35%,31.47
https://www.michelinman.com/auto/auto-tips-and-advice/electric-mobility-guide/how-to-optimize-ev-for-higher-load-capacity,99,3717,2.66%,24.06
https://www.michelinman.com/auto/manufacturers/hyundai/kona-electric,45,2056,2.19%,29.13
https://www.michelinman.com/auto/auto-tips-and-advice/electric-mobility-guide/ev-in-various-weather-conditions,39,2301,1.69%,25.51
https://www.michelinman.com/auto/auto-tips-and-advice/electric-mobility-guide/how-to-reduce-tire-wear,38,3690,1.03%,28.5
https://www.michelinman.com/auto/auto-tips-and-advice/electric-mobility-guide/how-to-choose-the-best-ev-tire,36,6337,0.57%,22.85
https://www.michelinman.com/michelin-brand-campaign/electric-vehicles,27,1797,1.5%,17.42
https://www.michelinman.com/motorcycle/browse-tires/by-category/electric,25,737,3.39%,22.42
https://www.michelinman.com/why-michelin-electric-mobility,11,328,3.35%,15.77
https://www.michelinman.com/auto/auto-tips-and-advice/electric-mobility-guide,3,5,60%,15.8
https://www.michelinman.com/auto/browse-tires/by-vehicle/2024/porsche/macan/4-electric/255---45R21---XL-106Y_295---40R21---XL-111Y,2,3,66.67%,4.33
https://www.michelinman.com/auto/auto-tips-and-advice/electric-mobility-guide/ev-winter-driving-with-carl-nadeau,1,59,1.69%,45.54
https://www.michelinman.com/auto/browse-tires/by-vehicle/2023/hyundai/kona-electric/limited/215---55R17-94V,1,6,16.67%,8.17
https://www.michelinman.com/auto/browse-tires/by-vehicle/2024/porsche/macan/4-electric/255---45R21---XL-106V_295---40R21---XL-111V,1,2,50%,4.5