Requêtes les plus fréquentes,Clics,Impressions,CTR,Position
michelin electric vehicle tires,17,36,47.22%,1.72
michelin electric tires,16,42,38.1%,1.26
electric vehicle tires,15,2244,0.67%,8.5
michelin tires for electric vehicles,13,19,68.42%,1.74
electric car tires,12,1456,0.82%,10.27
tires for electric cars,10,1968,0.51%,10.06
electric vehicle tuned tires,8,20,40%,3
are electric cars quieter than gas cars,8,12,66.67%,1.42
michelin electric car tires,7,1291,0.54%,9.34
electric tires,3,406,0.74%,5.72
michelin tires for electric cars,3,19,15.79%,4.05
winter tires for electric cars,3,11,27.27%,4.64
electric car winter tires,3,9,33.33%,3.56
are electric cars quieter,3,8,37.5%,4.38
electric vehicle winter tires,3,7,42.86%,7.57
how quiet are electric cars,3,3,100%,1.33
tires for electric vehicles,2,614,0.33%,8.23
electric vehicle tire,2,99,2.02%,4.79
winter tyres for electric cars,2,17,11.76%,18.24
quietest electric car,2,8,25%,7.62
best tires for electric vehicles,2,6,33.33%,20
best winter tyres for electric cars,2,4,50%,7.5
tire for electric car,2,4,50%,8.75
winter tires electric car,2,3,66.67%,5.67
electric car tyre pressure,2,3,66.67%,6.67
best winter tires for electric suv,2,2,100%,8.5
best tires for electric cars,1,1637,0.06%,18.99
best winter tires for electric cars,1,998,0.1%,10.34
electric bike tires,1,179,0.56%,9.92
best electric car tires,1,30,3.33%,27.07
how much quieter are electric cars,1,3,33.33%,2
why are electric cars quieter,1,3,33.33%,2.67
do electric cars need winter tires,1,3,33.33%,3.33
winter tires for electric vehicles,1,3,33.33%,7.67
are electric cars silent,1,2,50%,2.5
do electric vehicles require special tires,1,1,100%,1
que mantenimiento lleva un coche electrico,1,1,100%,2
electric cars noise pollution,1,1,100%,3
electric cars tires,1,1,100%,3
hyundai kona electric tires,1,1,100%,3
michelin crossclimate 2 electric vehicle,1,1,100%,4
tire wear on electric vehicles,1,1,100%,23
electric shoes,1,1,100%,37
electric vehicle,1,1,100%,196
do electric cars need special tires,0,652,0%,20.82
electric tire,0,409,0%,7.78
best electric vehicle tires,0,298,0%,20.7
do electric cars make noise,0,258,0%,10.68
do electric cars wear out tires faster,0,245,0%,34.37
electric car tire,0,200,0%,4.48
electric car tyres,0,155,0%,80.7
electric vehicle tyres,0,129,0%,65.16
electric bike tire,0,108,0%,13.34
best low rolling resistance tires for electric cars,0,99,0%,31.58
electric cars vs gas cars,0,98,0%,92.88
do electric cars have spare tires,0,59,0%,39.02
tyres for electric cars,0,40,0%,57.35
quiet tires for electric vehicles,0,38,0%,1.16
car tyres for electric vehicles,0,35,0%,3.89
why do electric cars make noise,0,34,0%,10.06
do electric cars wear out tyres faster?,0,34,0%,51.97
suv electric vehicle tires,0,31,0%,7.55
what are the best tires for electric suvs?,0,31,0%,13.55
kona electric,0,31,0%,88.03
electric vehicle tires market,0,27,0%,78.26
how to choose the right tires for electric cars?,0,25,0%,6.64
electric car sound,0,21,0%,61.95
"""niu"" and ( ""scooter"" or ""air"" or ""electric"" ) -""northern illinois 
university"" -""university"" -site:facebook.com -site:fb.me -site:youtube.com 
-site:youtu.be -site:youtube.be -site:twitter.com -site:instagram.com 
-site:tiktok.com -site:vm.tiktok.com -site:t.co -site:x.com",0,18,0%,48.72
electric vehicle sound,0,16,0%,51.38
electric vehicle specific tires market,0,13,0%,89.54
electric vehicle range,0,12,0%,85.08
how are electric cars better than gas cars,0,11,0%,62.18
are electric cars better than gas cars,0,10,0%,54.8
electric vehicle dealer near me,0,10,0%,88.5
do electric cars use special tires,0,9,0%,16.56
electric car tyre,0,9,0%,79
best tire for electric car,0,8,0%,30.38
electric car tires price,0,8,0%,46.88
do electric cars have special tyres,0,8,0%,69.12
electric scooter tube replacement,0,8,0%,79.62
electric scooter tire replacement,0,8,0%,81.5
are electric car tires different,0,7,0%,25
do electric cars go through tires faster,0,7,0%,28.43
electric vehicle noise testing,0,7,0%,70.71
electric scooter inner tube replacement,0,7,0%,76.43
tire pollution from electric cars,0,7,0%,83.43
how long do electric vehicle tires last?,0,6,0%,36.5
goodyear electric car tires,0,6,0%,60.67
do electric cars need special tyres,0,6,0%,67.17
do electric cars make a noise,0,5,0%,31.6