Pages les plus populaires,Clics,Impressions,CTR,Position
https://www.michelinman.com/,100974,2857238,3.53%,23.45
https://www.michelinman.com/auto/tires/michelin-crossclimate2,38992,1881757,2.07%,43.11
https://www.michelinman.com/lifestyle/auto-accessories/wiper-blade-selector,32221,1186562,2.72%,53.17
https://www.michelinman.com/deals-promotions-and-rebates,28538,643866,4.43%,34.04
https://www.michelinman.com/auto/tires/michelin-pilot-sport-4-s,16883,489221,3.45%,24.34
https://www.michelinman.com/auto/tires/michelin-pilot-sport-all-season-4,13504,550435,2.45%,29.98
https://www.michelinman.com/auto/tires/michelin-defender-ltx-m-s,13278,282327,4.7%,14.08
https://www.michelinman.com/auto/tires/michelin-defender2,12109,625673,1.94%,34.87
https://www.michelinman.com/auto/assistance/warranty,10909,560187,1.95%,21.76
https://www.michelinman.com/auto/tires/michelin-x-ice-snow,10595,382707,2.77%,27.21
https://www.michelinman.com/auto/browse-tires,9957,1468294,0.68%,11.66
https://www.michelinman.com/auto/tires/michelin-primacy-tour-a-s,7557,233642,3.23%,12.83
https://www.michelinman.com/auto/tires/michelin-defender-ltx-m-s2,7198,296470,2.43%,16.3
https://www.michelinman.com/auto/tires/michelin-ltx-a-t2,6820,168308,4.05%,11.45
https://www.michelinman.com/auto/registertires,5519,768415,0.72%,8.37
https://www.michelinman.com/auto/tires/michelin-primacy-all-season,5383,225654,2.39%,9.78
https://www.michelinman.com/auto/auto-tips-and-advice/tire-buying-guide/find-your-tire-size,5222,418102,1.25%,11.22
https://www.michelinman.com/auto/tires/michelin-primacy-mxm4,5205,124327,4.19%,9.9
https://www.michelinman.com/auto/tires/michelin-pilot-sport-cup-2,4595,114753,4%,9.5
https://www.michelinman.com/auto/auto-tips-and-advice/tires-101/tire-markings-explained,4482,154485,2.9%,15.89
https://www.michelinman.com/auto/browse-tires/by-season/allseason,4439,578669,0.77%,7.12
https://www.michelinman.com/auto/browse-tires/all-tires,4252,1475622,0.29%,12.2
https://www.michelinman.com/auto/tires/michelin-pilot-sport-5,4186,222236,1.88%,9.88
https://www.michelinman.com/motorcycle/tires/michelin-road-6,4036,127516,3.17%,9.51
https://www.michelinman.com/auto/tires/michelin-defender-ltx-platinum,4034,228612,1.76%,10.71
https://www.michelinman.com/auto/home-auto,4028,815337,0.49%,5.39
https://www.michelinman.com/auto/browse-tires/by-family/defender,3726,273477,1.36%,9.75
https://www.michelinman.com/motorcycle/home-motorcycle,3438,774553,0.44%,7.98
https://www.michelinman.com/auto/tires/michelin-pilot-sport-4,3281,124510,2.64%,14.25
https://www.michelinman.com/motorcycle/promotions/affiliaterebateprogram,3250,65240,4.98%,7.5
https://www.michelinman.com/auto/tires/michelin-defender-t-plus-h,3190,122366,2.61%,11.29
https://www.michelinman.com/auto/auto-tips-and-advice/tire-maintenance/tire-rotation,2895,820698,0.35%,9.87
https://www.michelinman.com/auto/tires/michelin-pilot-alpin-5,2824,87582,3.22%,9.22
https://www.michelinman.com/auto/auto-tips-and-advice/tire-buying-guide/when-do-i-need-new-tires,2802,283598,0.99%,30.65
https://www.michelinman.com/classic/tires/michelin-xwx,2606,106593,2.44%,4.44
https://www.michelinman.com/auto/auto-tips-and-advice/tires-101/tire-load-rating-speed-rating,2567,424190,0.61%,12.97
https://www.michelinman.com/auto/family-category/pilot-sport,2564,94096,2.72%,14.08
https://www.michelinman.com/auto/dealer-locator,2536,999563,0.25%,16.75
https://www.michelinman.com/auto/why-michelin/technological-innovations/michelin-selfseal-technology,2513,37843,6.64%,10.28
https://www.michelinman.com/auto/why-michelin/technological-innovations/acoustic-technology,2480,52126,4.76%,13.83
https://www.michelinman.com/auto/tires/michelin-pilot-super-sport,2468,60986,4.05%,13.95
https://www.michelinman.com/motorcycle/motorcycle-tire-sizes,2454,109662,2.24%,13.96
https://www.michelinman.com/auto/tires/michelin-premier-ltx,2429,53827,4.51%,12.9
https://www.michelinman.com/auto/assistance/contact,2425,435252,0.56%,3.12
https://www.michelinman.com/auto/tires/michelin-energy-saver-a-s,2333,104493,2.23%,9.99
https://www.michelinman.com/auto/tires/michelin-ltx-trail,2272,45753,4.97%,13.14
https://www.michelinman.com/auto/tires/michelin-pilot-alpin-pa4,2185,64945,3.36%,8.94
https://www.michelinman.com/auto/tires/michelin-pilot-sport-cup-2-r,2104,67821,3.1%,9.36
https://www.michelinman.com/motorcycle/tires/michelin-power-6,2068,44476,4.65%,10.83
https://www.michelinman.com/auto/tires/michelin-agilis-crossclimate,2053,145604,1.41%,9.31
https://www.michelinman.com/auto/tires/michelin-ltx-m-s2,2012,125867,1.6%,10.41
https://www.michelinman.com/auto/tires/michelin-latitude-tour-hp,1952,54990,3.55%,10.48
https://www.michelinman.com/auto/manufacturers/tesla/model-y,1928,114949,1.68%,11.27
https://www.michelinman.com/bicycle/home-bicycle,1861,86771,2.14%,31.69
https://www.michelinman.com/motorcycle/tires/michelin-road-5,1860,44056,4.22%,10
https://www.michelinman.com/auto/find-the-perfect-tire,1832,579385,0.32%,13.42
https://www.michelinman.com/auto/tires/michelin-primacy-ltx,1819,35921,5.06%,16.41
https://www.michelinman.com/bicycle/tips-and-advice/tips-and-advice-bicycle/conversions,1726,87193,1.98%,26.82
https://www.michelinman.com/auto/auto-tips-and-advice/tires-101/runflat-tires,1725,122319,1.41%,17.29
https://www.michelinman.com/auto/tires/michelin-x-tour-a-s-2,1667,28594,5.83%,18.34
https://www.michelinman.com/auto/tires/michelin-pilot-sport-a-s-3-plus,1666,53907,3.09%,16
https://www.michelinman.com/lifestyle/shoes,1522,28845,5.28%,22.14
https://www.michelinman.com/motorcycle/tires/michelin-anakee-adventure,1508,33019,4.57%,10.95
https://www.michelinman.com/auto/browse-tires/by-season/winter,1499,184024,0.81%,19.56
https://www.michelinman.com/auto/car-tire-sizes,1454,152550,0.95%,27.73
https://www.michelinman.com/auto/manufacturers/tesla/model-3,1434,103885,1.38%,14.74
https://www.michelinman.com/motorcycle/tires/michelin-pilot-street-2,1432,41000,3.49%,9.8
https://www.michelinman.com/motorcycle/tires/michelin-city-grip-2,1408,40851,3.45%,8.93
https://www.michelinman.com/auto/auto-tips-and-advice/tire-damage/tire-wear-indicator,1388,52993,2.62%,11.05
https://www.michelinman.com/auto/tires/michelin-premier-a-s,1359,38155,3.56%,14.47
https://www.michelinman.com/auto/auto-tips-and-advice/tire-pressure,1346,24056,5.6%,17.64
https://www.michelinman.com/auto/tires/michelin-pilot-sport-ev,1319,31301,4.21%,15.81
https://www.michelinman.com/auto/auto-tips-and-advice/tire-damage/tire-flat-spotting,1269,65885,1.93%,13.05
https://www.michelinman.com/motorcycle,1256,41959,2.99%,15.37
https://www.michelinman.com/auto/browse-tires/by-usage/light-truck,1234,80370,1.54%,28.36
https://www.michelinman.com/bicycle/mtb,1231,44173,2.79%,30.31
https://www.michelinman.com/auto/auto-tips-and-advice/tires-101/tire-tread-depth,1221,146101,0.84%,10.51
https://www.michelinman.com/auto/tires/michelin-pilot-sport-4-suv,1216,49310,2.47%,22.51
https://www.michelinman.com/auto/auto-tips-and-advice/tire-buying-guide/differences-in-types-of-seasonal-tires,1202,181063,0.66%,22.28
https://www.michelinman.com/auto,1185,503611,0.24%,7.95
https://www.michelinman.com/auto/auto-tips-and-advice/tire-pressure/how-to-inflate-tires,1178,120825,0.97%,28.41
https://www.michelinman.com/auto/tires/michelin-defender-ltx-m-s-2,1146,83079,1.38%,49.23
https://www.michelinman.com/auto/tires/michelin-x-lt-a-s,1075,23731,4.53%,19.42
https://www.michelinman.com/motorcycle/tips-and-advice/tips-to-take-care-of-motorcycle-tires/tire-pressure-on-track,1069,18104,5.9%,12.18
https://www.michelinman.com/auto/auto-tips-and-advice/tire-buying-guide/how-to-choose-tires,1036,87749,1.18%,22.39
https://www.michelinman.com/motorcycle/accessories/michelin-bib-mousse,1033,22677,4.56%,8.91
https://www.michelinman.com/auto/browse-tires/by-dimension/235/55/19,1010,54453,1.85%,11.27
https://www.michelinman.com/auto/browse-tires/by-usage/ultra-high-performance-sport,990,73366,1.35%,16.54
https://www.michelinman.com/auto/manufacturers/toyota/rav4,963,72245,1.33%,13.18
https://www.michelinman.com/motorcycle/tires/michelin-pilot-power-2ct,961,31404,3.06%,13.16
https://www.michelinman.com/auto/browse-tires/by-dimension/225/65/17,933,50446,1.85%,17.49
https://www.michelinman.com/auto/manufacturers/tesla,922,68787,1.34%,21.49
https://www.michelinman.com/auto/tires/michelin-x-tour-a-s-t-plus-h,909,12980,7%,13.94
https://www.michelinman.com/auto/tires/michelin-crossclimate2?tyreSize=21&bvstate=pg:2/ct:r,903,67442,1.34%,8.89
https://www.michelinman.com/motorcycle/tires/michelin-anakee-wild,899,21701,4.14%,11.74
https://www.michelinman.com/auto/browse-tires/by-dimension/235/40/19,870,54510,1.6%,10.9
https://www.michelinman.com/auto/tires/michelin-latitude-tour,857,24151,3.55%,12.61
https://www.michelinman.com/auto/auto-tips-and-advice/tire-buying-guide/compare-tires,849,51846,1.64%,21.08
https://www.michelinman.com/auto/tires/michelin-x-lt-a-s-2,830,21692,3.83%,16.31
https://www.michelinman.com/motorcycle/tires/michelin-commander-iii-cruiser,806,21840,3.69%,13.89
https://www.michelinman.com/auto/shop-ev-tires,806,19481,4.14%,12.48
https://www.michelinman.com/auto/browse-tires/by-dimension/215/55/17,794,88044,0.9%,12.79
https://www.michelinman.com/auto/auto-tips-and-advice/tire-buying-guide/guide-to-buying-winter-tires,782,120069,0.65%,31.88
https://www.michelinman.com/auto/tires/michelin-pilot-sport-cup-2-connect,776,65990,1.18%,12.98
https://www.michelinman.com/auto/browse-tires/by-dimension/235/45/18,775,33903,2.29%,14.48
https://www.michelinman.com/auto/tires/michelin-pilot-sport-a-s-4,767,21100,3.64%,11.54
https://www.michelinman.com/auto/browse-tires/by-dimension/275/55/20,765,50752,1.51%,15.61
https://www.michelinman.com/auto/tires/michelin-latitude-sport-3,755,20280,3.72%,15.65
https://www.michelinman.com/auto/browse-tires/by-family/premier,742,32969,2.25%,12.61
https://www.michelinman.com/auto/tires/michelin-primacy-xc,728,17793,4.09%,18.61
https://www.michelinman.com/motorcycle/tires/michelin-road-6-gt,723,27986,2.58%,13.26
https://www.michelinman.com/auto/electric-vehicle-tires,717,44819,1.6%,15.44
https://www.michelinman.com/auto/assistance/michelin-faqs,704,44964,1.57%,15.26
https://www.michelinman.com/auto/browse-tires/by-category/durability,702,48461,1.45%,5.56
https://www.michelinman.com/auto/browse-tires/by-dimension/275/60/20,692,36740,1.88%,15.22
https://www.michelinman.com/auto/browse-tires/by-dimension/235/60/18,665,43182,1.54%,12.81
https://www.michelinman.com/bicycle,656,28085,2.34%,31.87
https://www.michelinman.com/auto/browse-tires/by-dimension/285/45/22,653,53500,1.22%,9.92
https://www.michelinman.com/auto/manufacturers/lexus/rx350,631,27413,2.3%,10.55
https://www.michelinman.com/auto/manufacturers/honda/cr-v,628,40048,1.57%,19.56
https://www.michelinman.com/auto/tires/michelin-pilot-sport-ps2,609,15738,3.87%,20.9
https://www.michelinman.com/auto/why-michelin/technological-innovations/trackconnect,608,6736,9.03%,9.35
https://www.michelinman.com/auto/browse-tires/by-dimension/235/55/20,599,29896,2%,10.71
https://www.michelinman.com/auto/browse-tires/by-dimension/225/60/18,596,29879,1.99%,13.47
https://www.michelinman.com/tire-registration,588,16161,3.64%,12.09
https://www.michelinman.com/auto/tires/michelin-defender2?tyreSize=17&bvstate=pg:2/ct:r,581,45599,1.27%,6.42
https://www.michelinman.com/auto/why-michelin/michelin-safety-recalls,579,10300,5.62%,9.27
https://www.michelinman.com/auto/manufacturers/honda/accord,577,50975,1.13%,19.75
https://www.michelinman.com/auto/browse-tires/by-dimension/245/60/18,576,32001,1.8%,12.76
https://www.michelinman.com/auto/browse-tires/by-dimension/255/55/20,574,37818,1.52%,10.09
https://www.michelinman.com/auto/browse-tires/by-dimension/275/50/22,563,28163,2%,9.76
https://www.michelinman.com/auto/manufacturers/toyota/camry,559,59156,0.94%,21.35
https://www.michelinman.com/auto/browse-tires/by-dimension/275/65/20,549,38476,1.43%,12.5
https://www.michelinman.com/auto/manufacturers/lexus/es350,537,22720,2.36%,12.08
https://www.michelinman.com/auto/browse-tires/by-dimension/245/50/20,508,22456,2.26%,11.92
https://www.michelinman.com/classic/tires/michelin-x,506,14449,3.5%,7.01
https://www.michelinman.com/auto/browse-tires/by-dimension/265/60/18,499,20923,2.38%,13.91
https://www.michelinman.com/auto/browse-tires/by-dimension/265/70/17,496,37198,1.33%,18.92
https://www.michelinman.com/auto/browse-tires/crossclimate-family,494,53847,0.92%,11.91
https://www.michelinman.com/motorcycle/tips-and-advice/how-to-choose-the-right-motorcycle-tire/radial-or-bias,482,34809,1.38%,13.9
https://www.michelinman.com/auto/find-tires-by-season-category-or-family,481,54509,0.88%,23.22
https://www.michelinman.com/auto/auto-tips-and-advice/tire-damage/diagnose-your-tire-sidewall-damage,477,37327,1.28%,18.64
https://www.michelinman.com/bicycle/tires/michelin-power-cup-competition-line,475,12735,3.73%,15.8
https://www.michelinman.com/auto/browse-tires/by-dimension/275/65/18,474,23629,2.01%,15.76
https://www.michelinman.com/motorcycle/tires/michelin-power-gp-2,474,15687,3.02%,13.04
https://www.michelinman.com/auto/browse-tires/by-dimension/205/55/16,469,38870,1.21%,23.31
https://www.michelinman.com/motorcycle/tires/michelin-pilot-street-radial,462,18853,2.45%,13.05
https://www.michelinman.com/auto/browse-tires/by-dimension/235/65/18,460,17948,2.56%,13.12
https://www.michelinman.com/motorcycle/tires/michelin-power-5,457,23820,1.92%,13.28
https://www.michelinman.com/auto/partnership/bmw,455,7812,5.82%,9.78
https://www.michelinman.com/motorcycle/tires/michelin-pilot-road-4,449,16869,2.66%,15.12
https://www.michelinman.com/auto/manufacturers/toyota/highlander,440,32523,1.35%,12.4
https://www.michelinman.com/auto/auto-tips-and-advice/tire-buying-guide/summer-winter-all-season-tires,437,58350,0.75%,29.41
https://www.michelinman.com/auto/browse-tires/by-usage/suv-crossover,434,22301,1.95%,22.83
https://www.michelinman.com/auto/browse-tires/by-dimension/275/45/21,434,20933,2.07%,8.85
https://www.michelinman.com/motorcycle/tires/michelin-commander-ii,434,13460,3.22%,11.77
https://www.michelinman.com/auto/browse-tires/by-dimension/195/65/15,431,37329,1.15%,19.52
https://www.michelinman.com/classic/home-classic,430,17516,2.45%,24.27
https://www.michelinman.com/auto/auto-tips-and-advice/tire-pressure/what-tire-pressure,429,40098,1.07%,31.61
https://www.michelinman.com/auto/browse-tires/by-dimension/235/75/15,427,19526,2.19%,21.87
https://www.michelinman.com/auto/tires/michelin-pilot-sport-3,422,20655,2.04%,17.91
https://www.michelinman.com/auto/browse-tires/by-dimension/225/50/17,421,24854,1.69%,19.84
https://www.michelinman.com/auto/browse-tires/by-dimension/265/65/18,415,18444,2.25%,15.47
https://www.michelinman.com/classic/tires/michelin-xzx9,389,85093,0.46%,6.13
https://www.michelinman.com/auto/tires/michelin-primacy-3,380,19380,1.96%,19.72
https://www.michelinman.com/auto/browse-tires/by-dimension/265/50/20,378,13709,2.76%,15.08
https://www.michelinman.com/motorcycle/tires/michelin-city-extra,378,12706,2.97%,12.43
https://www.michelinman.com/motorcycle/tips-and-advice/how-to-choose-the-right-motorcycle-tire/speed-and-load-index,375,46400,0.81%,51.72
https://www.michelinman.com/auto/manufacturers/mercedes-benz/gle53-amg,375,7812,4.8%,20.2
https://www.michelinman.com/auto/browse-tires/by-dimension/245/45/19,367,19536,1.88%,15.2
https://www.michelinman.com/auto/browse-tires/by-dimension/275/70/18,366,22994,1.59%,18.91
https://www.michelinman.com/motorcycle/tires/michelin-power-cup-2,366,19283,1.9%,14.43
https://www.michelinman.com/motorcycle/tires/michelin-commander-iii-touring,365,14975,2.44%,14.64
https://www.michelinman.com/motorcycle/tires/michelin-road-classic,358,7349,4.87%,16.17
https://www.michelinman.com/motorcycle/tires/michelin-scorcher-31,356,8133,4.38%,12.68
https://www.michelinman.com/motorcycle/tires/michelin-anakee-road,355,6988,5.08%,11.45
https://www.michelinman.com/auto/auto-tips-and-advice/tire-buying-guide/michelin-developed-marked-tires,354,19493,1.82%,14.72
https://www.michelinman.com/auto/auto-tips-and-advice/tire-maintenance/visual-inspection,350,33094,1.06%,21.51
https://www.michelinman.com/auto/auto-tips-and-advice/tires-101/how-are-tires-made,350,27262,1.28%,20.49
https://www.michelinman.com/motorcycle/tires/michelin-anakee-3,350,8102,4.32%,11.46
"https://www.michelinman.com/auto/tires/michelin-crossclimate2?cid=PSH_%7CMLN_B2C_Bing_Brand_CC2_Product_Exact_%7CMICROSOFT_%7Cm_%7Ccross 
climate tire_%7Ce_%7C%7C&amp;bvstate=pg:5/ct:r",345,17003,2.03%,4.43
https://www.michelinman.com/auto/manufacturers/toyota/corolla,343,33817,1.01%,23.81
https://www.michelinman.com/motorcycle/browse-tires/by-category/mx,343,10126,3.39%,24.46
https://www.michelinman.com/auto/compare-product,343,5654,6.07%,20.65
https://www.michelinman.com/classic/michelin-classic-news/news/whitewall,339,20560,1.65%,25.42
https://www.michelinman.com/motorcycle/promotions,337,19990,1.69%,25.61
https://www.michelinman.com/auto/manufacturers/honda/civic,336,51150,0.66%,32.7
https://www.michelinman.com/auto/browse-tires/by-dimension/255/50/20,336,14280,2.35%,14.03
https://www.michelinman.com/auto/browse-tires/by-dimension/245/75/17,334,13830,2.42%,13.18
https://www.michelinman.com/auto/browse-tires/by-dimension/225/40/18,333,28437,1.17%,19
https://www.michelinman.com/auto/auto-tips-and-advice/electric-mobility-guide/quiet-and-comfortable,330,15602,2.12%,15.42
https://www.michelinman.com/motorcycle/browse-tires/by-category/scooter,328,30655,1.07%,14.32
https://www.michelinman.com/auto/browse-tires/by-dimension/35/12.5/20,328,15786,2.08%,26
https://www.michelinman.com/auto/browse-tires/by-dimension/235/65/17,327,17746,1.84%,20.08
https://www.michelinman.com/auto/manufacturers/porsche/macan,326,11625,2.8%,7.95
https://www.michelinman.com/auto/browse-tires/by-dimension/245/55/19,324,13303,2.44%,12.91
https://www.michelinman.com/auto/browse-tires/by-dimension/225/60/17,323,30707,1.05%,15.78
https://www.michelinman.com/auto/auto-tips-and-advice/tire-damage/tire-inspector-tool-tread,321,16239,1.98%,34.02
https://www.michelinman.com/auto/manufacturers/toyota,318,38941,0.82%,9.48
https://www.michelinman.com/auto/auto-tips-and-advice/electric-mobility-guide/plug-in-hybrid-vehicle,315,16284,1.93%,34.47
https://www.michelinman.com/auto/manufacturers/bmw,310,36285,0.85%,13.88
https://www.michelinman.com/auto/browse-tires/by-usage/sport,309,24249,1.27%,20.02
https://www.michelinman.com/motorcycle/accessories/motorcycle-road-inner-tubes,306,17273,1.77%,21.65
https://www.michelinman.com/auto/manufacturers/tesla/model-s,305,45357,0.67%,12.42
https://www.michelinman.com/auto/manufacturers/mercedes-benz,305,29090,1.05%,13.75
https://www.michelinman.com/auto/manufacturers/bmw/x5,305,24877,1.23%,18.77
https://www.michelinman.com/auto/browse-tires/by-dimension/255/45/20,305,18006,1.69%,12.92
https://www.michelinman.com/motorcycle/browse-tires/by-category/supermoto,305,11337,2.69%,11.39
https://www.michelinman.com/auto/auto-tips-and-advice/electric-mobility-guide/ev-tire-pressure-and-maintenance,304,10521,2.89%,12.08
https://www.michelinman.com/auto/browse-tires/by-dimension/245/45/20,303,18395,1.65%,15.13
https://www.michelinman.com/motorcycle/browse-tires/by-family/anakee,303,10199,2.97%,10.43
https://www.michelinman.com/auto/manufacturers/bmw/x3,300,25441,1.18%,13
https://www.michelinman.com/auto/manufacturers/honda/hr-v,300,14612,2.05%,11.52
https://www.michelinman.com/auto/browse-tires/by-usage/luxury-performance-touring,299,14001,2.14%,22.57
https://www.michelinman.com/auto/browse-tires/by-dimension/245/40/19,298,11144,2.67%,14.88
https://www.michelinman.com/auto/assistance/tire-concierge,294,14345,2.05%,9.49
https://www.michelinman.com/auto/best-winter-ev-tires,294,4455,6.6%,6.88
https://www.michelinman.com/auto/browse-tires/by-season/summer,291,43454,0.67%,16.51
https://www.michelinman.com/auto/manufacturers/porsche,289,14097,2.05%,10.47
https://www.michelinman.com/auto/browse-tires/by-dimension/285/70/17,288,14178,2.03%,24.22
https://www.michelinman.com/auto/browse-tires/by-dimension/235/55/18,287,15284,1.88%,17.22
https://www.michelinman.com/auto/auto-tips-and-advice/electric-mobility-guide/winter-tires,287,13606,2.11%,19.83
https://www.michelinman.com/auto/browse-tires/by-dimension/225/45/17,283,22122,1.28%,20.77
https://www.michelinman.com/auto/browse-tires/by-dimension/245/75/16,282,14107,2%,19.5
https://www.michelinman.com/auto/browse-tires/by-dimension/255/65/18,282,7423,3.8%,14.39
https://www.michelinman.com/auto/awards-and-recognition,281,47999,0.59%,13.18
https://www.michelinman.com/auto/browse-tires/by-category/light-truck,279,24286,1.15%,27.35
https://www.michelinman.com/auto/car-tire-sizes/17-inches-tires,277,47607,0.58%,15.07
https://www.michelinman.com/auto/car-tire-sizes/18-inches-tires,277,46931,0.59%,16.19
https://www.michelinman.com/auto/manufacturers/ford/f-150,276,21693,1.27%,24.38
https://www.michelinman.com/auto/browse-tires/by-dimension/235/40/18,274,18282,1.5%,16.13
https://www.michelinman.com/auto/car-tire-sizes/22-inches-tires,271,33181,0.82%,13.03
https://www.michelinman.com/auto/manufacturers/cadillac/xt5,271,8922,3.04%,14.07
https://www.michelinman.com/auto/browse-tires/by-dimension/245/45/18,269,16143,1.67%,19.06
https://www.michelinman.com/auto/browse-tires/by-dimension/265/65/17,269,12702,2.12%,15.93
https://www.michelinman.com/auto/auto-tips-and-advice/electric-mobility-guide/how-tires-impact-your-electric-vehicle-range,269,11175,2.41%,27.49
https://www.michelinman.com/motorcycle/tires/michelin-enduro-medium,267,6764,3.95%,16.32
https://www.michelinman.com/dealer-campaign/michelin-winter-2024,266,82794,0.32%,8.31
https://www.michelinman.com/auto/manufacturers/jeep/grand-cherokee,266,27137,0.98%,22.84
https://www.michelinman.com/partnership,266,12918,2.06%,10.83
https://www.michelinman.com/motorcycle/tires/michelin-starcross-6-medium-soft,265,25418,1.04%,8.76
https://www.michelinman.com/auto/tires/michelin-primacy-tour-a-s?tyreSize=17&bvstate=pg:2/ct:r,265,12090,2.19%,6.46
https://www.michelinman.com/auto/browse-tires/by-dimension/215/60/16,262,19411,1.35%,22.76
https://www.michelinman.com/motorcycle/browse-tires/by-dimension/130/70/18,261,6783,3.85%,8.77
https://www.michelinman.com/motorcycle/tips-and-advice/tips-to-take-care-of-motorcycle-tires/when-should-i-change-my-motorcycle-tires,260,22802,1.14%,15.14
https://www.michelinman.com/auto/browse-tires/by-dimension/215/45/17,257,15179,1.69%,21.34
https://www.michelinman.com/auto/browse-tires/by-category/ev-compatible,256,17494,1.46%,14.21
https://www.michelinman.com/auto/browse-tires/by-dimension/265/70/16,254,14276,1.78%,21.53
https://www.michelinman.com/auto/browse-tires/by-dimension/225/55/18,254,10796,2.35%,18.36
https://www.michelinman.com/bicycle/tips-and-advice/tips-and-advice-bicycle/pressure,253,27571,0.92%,43.01
https://www.michelinman.com/motorcycle/browse-tires/by-category/enduro,253,13889,1.82%,13.8
https://www.michelinman.com/auto/manufacturers/audi/q5,251,13339,1.88%,13.18
https://www.michelinman.com/auto/manufacturers/chevrolet/corvette,250,10556,2.37%,16.24
https://www.michelinman.com/auto/browse-tires/by-dimension/225/45/18,249,21286,1.17%,16.83
https://www.michelinman.com/auto/browse-tires/by-dimension/205/65/15,249,12894,1.93%,20.52
https://www.michelinman.com/auto/browse-tires/by-dimension/225/55/17,248,18591,1.33%,18.9
https://www.michelinman.com/bicycle/tires/michelin-power-gravel,247,7179,3.44%,31.55
https://www.michelinman.com/auto/auto-tips-and-advice/tire-buying-guide,245,21613,1.13%,17.24
https://www.michelinman.com/auto/auto-tips-and-advice/tire-maintenance/can-my-tire-be-repaired,244,42859,0.57%,68.77
https://www.michelinman.com/auto/browse-tires/by-dimension/225/55/19,244,14362,1.7%,15.55
https://www.michelinman.com/auto/manufacturers/porsche/cayenne,242,10759,2.25%,9.06
https://www.michelinman.com/auto/manufacturers/honda/pilot,241,20071,1.2%,17.32
https://www.michelinman.com/auto/browse-tires/by-dimension/265/75/16,241,11823,2.04%,22.62
https://www.michelinman.com/auto/manufacturers/acura/rdx,240,11345,2.12%,13.68
https://www.michelinman.com/auto/browse-tires/by-dimension/235/80/17/120/R,240,10694,2.24%,11.44
https://www.michelinman.com/motorcycle/tires/michelin-starcross-5-medium,239,6616,3.61%,12.54
https://www.michelinman.com/auto/manufacturers/hyundai/ioniq-5,239,6437,3.71%,9.04
https://www.michelinman.com/auto/auto-tips-and-advice/electric-mobility-guide/car-noise,235,18611,1.26%,27.12
https://www.michelinman.com/auto/manufacturers/lexus/gx460,234,11646,2.01%,12.28
https://www.michelinman.com/auto/browse-tires/by-dimension/245/40/18,232,16643,1.39%,16.58
https://www.michelinman.com/motorcycle/browse-tires,231,76656,0.3%,10.28
https://www.michelinman.com/auto/auto-tips-and-advice/electric-mobility-guide/understanding-ev-tires,231,39327,0.59%,19.92
https://www.michelinman.com/motorcycle/tips-and-advice/tips-to-take-care-of-motorcycle-tires/check-your-tire-pressure,231,8626,2.68%,17.88
https://www.michelinman.com/auto/assistance/contact-us-form,230,13333,1.73%,9.75
https://www.michelinman.com/auto/browse-tires/by-dimension/235/50/18,228,21328,1.07%,16.26
https://www.michelinman.com/auto/manufacturers/lexus/rx450h,228,9666,2.36%,20.85
https://www.michelinman.com/auto/manufacturers/honda/odyssey,227,24707,0.92%,15.48
https://www.michelinman.com/auto/car-tire-sizes/20-inches-tires,224,36988,0.61%,18.19
https://www.michelinman.com/auto/browse-tires/by-dimension/265/60/20,223,12498,1.78%,14.54
https://www.michelinman.com/auto/manufacturers/mazda/cx-5,221,16141,1.37%,16.3
https://www.michelinman.com/auto/manufacturers/hyundai/tucson,220,14157,1.55%,14.71
https://www.michelinman.com/motorcycle/tires/michelin-enduro-medium-2,220,2042,10.77%,9.14
https://www.michelinman.com/motorcycle/track-days,219,4721,4.64%,21.26
https://www.michelinman.com/auto/browse-tires/by-dimension/255/50/19,218,9107,2.39%,14.17
https://www.michelinman.com/auto/car-tire-sizes/15-inches-tires,217,22030,0.99%,16.54
https://www.michelinman.com/auto/manufacturers/chevrolet/equinox,217,14095,1.54%,18.3
https://www.michelinman.com/auto/browse-tires/by-dimension/255/60/19,217,10712,2.03%,12.74
https://www.michelinman.com/bicycle/road,214,35074,0.61%,24.14
https://www.michelinman.com/auto/manufacturers/subaru/forester,213,17327,1.23%,16.45
https://www.michelinman.com/auto/car-tire-sizes/21-inches-tires,213,13589,1.57%,11.25
https://www.michelinman.com/auto/browse-tires/by-dimension/235/50/19,212,12679,1.67%,12.65
https://www.michelinman.com/motorcycle/browse-tires/by-category/sport,211,63756,0.33%,10.43
https://www.michelinman.com/motorcycle/tips-and-advice/tips-to-take-care-of-motorcycle-tires/tire-pressure-off-road,211,6312,3.34%,17.47
https://www.michelinman.com/auto/browse-tires/by-dimension/235/50/21,210,4120,5.1%,8.05
https://www.michelinman.com/auto/manufacturers/ford/explorer,209,16777,1.25%,18.43
https://www.michelinman.com/auto/auto-tips-and-advice/tire-buying-guide/mixing-tire-brands,209,13856,1.51%,23.96
https://www.michelinman.com/auto/auto-tips-and-advice/tire-damage/tire-inspector-tool-sidewall,207,22850,0.91%,23.52
https://www.michelinman.com/auto/browse-tires/by-dimension/255/40/20,206,7343,2.81%,14.67
https://www.michelinman.com/auto/browse-tires/by-dimension/235/55/17,205,13439,1.53%,17.89
https://www.michelinman.com/motorcycle/motorbikes-scooters-tires,203,266082,0.08%,8.57
https://www.michelinman.com/auto/manufacturers/ford/edge,203,13927,1.46%,21.96
https://www.michelinman.com/bicycle/tires/michelin-power-cup-tlr-competition-line,201,6893,2.92%,13.12
https://www.michelinman.com/auto/browse-tires/by-dimension/255/40/19,200,13462,1.49%,13.05
https://www.michelinman.com/auto/tires/michelin-crossclimate2?tyreSize=19&amp;bvstate=pg:5/ct:r,200,7135,2.8%,4.02
https://www.michelinman.com/auto/car-tire-sizes/16-inches-tires,199,32099,0.62%,16.82
https://www.michelinman.com/auto/manufacturers/mercedes-benz/glc300,199,10199,1.95%,11.33
https://www.michelinman.com/auto/manufacturers/mercedes-benz/gls450,199,6433,3.09%,13.22
https://www.michelinman.com/auto/manufacturers/toyota/4runner,197,26705,0.74%,12.87
https://www.michelinman.com/classic/tires/michelin-trx9,197,8498,2.32%,7.11
https://www.michelinman.com/auto/auto-tips-and-advice/electric-mobility-guide/winter-tire-guide-for-hybrid-and-electric-cars,195,10555,1.85%,26.11
https://www.michelinman.com/auto/manufacturers,193,33532,0.58%,26.08
https://www.michelinman.com/motorcycle/accessories/off-road-inner-tubes,193,12080,1.6%,27.03
https://www.michelinman.com/auto/manufacturers/volvo/xc90,193,10973,1.76%,18.96
https://www.michelinman.com/auto/manufacturers/honda/ridgeline,193,9941,1.94%,11.16
https://www.michelinman.com/auto/browse-tires/by-dimension/255/40/21,193,8107,2.38%,9.28
https://www.michelinman.com/motorcycle/manufacturers/harley-davidson,192,19688,0.98%,14.25
https://www.michelinman.com/auto/manufacturers/nissan/rogue,191,19245,0.99%,22.13
https://www.michelinman.com/auto/browse-tires/by-dimension/275/50/24,191,5062,3.77%,12.22
https://www.michelinman.com/auto/manufacturers/subaru/outback,190,15327,1.24%,18.52
https://www.michelinman.com/motorcycle/browse-tires/by-dimension/100/90/19,189,24226,0.78%,8.12
https://www.michelinman.com/auto/manufacturers/mercedes-benz/gle350,189,8155,2.32%,13.08
https://www.michelinman.com/auto/manufacturers/bmw/x7,189,5990,3.16%,9.97
https://www.michelinman.com/auto/manufacturers/toyota/sienna,187,18004,1.04%,18.1
https://www.michelinman.com/auto/manufacturers/toyota/prius,187,16260,1.15%,17.2
https://www.michelinman.com/auto/browse-tires/by-dimension/245/35/19,187,14840,1.26%,12.17
https://www.michelinman.com/auto/manufacturers/ford/f-250-super-duty,187,11435,1.64%,19.44
https://www.michelinman.com/auto/browse-tires/by-dimension/265/70/18,187,10373,1.8%,16.08
https://www.michelinman.com/auto/manufacturers/ford/escape,186,32058,0.58%,37.42
https://www.michelinman.com/auto/tires/michelin-pilot-exalto-pe2,186,4475,4.16%,16.06
https://www.michelinman.com/motorcycle/browse-tires/by-usage/adventure,185,10784,1.72%,22.98
https://www.michelinman.com/michelin-brand-campaign/michelin-guide,184,541331,0.03%,7.36
https://www.michelinman.com/auto/browse-tires/by-dimension/285/60/20,179,8192,2.19%,18.29
https://www.michelinman.com/auto/manufacturers/acura/mdx,178,13656,1.3%,16.34
https://www.michelinman.com/auto/browse-tires/by-dimension/275/35/21,178,9425,1.89%,9.93
https://www.michelinman.com/auto/manufacturers/mercedes-benz/gla250,178,6512,2.73%,18.77
https://www.michelinman.com/auto/browse-tires/by-dimension/265/55/19,177,6163,2.87%,8.49
https://www.michelinman.com/auto/browse-tires/by-dimension/265/45/20,176,9848,1.79%,11.56
https://www.michelinman.com/auto/dealer-locator/san-juan,176,4953,3.55%,13.6
https://www.michelinman.com/motorcycle/tires/michelin-desert-race,176,4869,3.61%,22.88
https://www.michelinman.com/auto/manufacturers/honda,175,35462,0.49%,12.96
https://www.michelinman.com/auto/browse-tires/by-dimension/235/60/18/103/H,175,17321,1.01%,14.65
https://www.michelinman.com/auto/browse-tires/by-dimension/225/40/19,175,13807,1.27%,13.51
https://www.michelinman.com/why-michelin/safety-recalls,175,1966,8.9%,17.04
https://www.michelinman.com/auto/browse-tires/by-dimension/215/55/16,174,10728,1.62%,21.97
https://www.michelinman.com/auto/browse-tires/by-dimension/245/45/17,174,10689,1.63%,16.28
https://www.michelinman.com/auto/browse-tires/by-dimension/185/65/15,173,12883,1.34%,20.49
https://www.michelinman.com/auto/browse-tires/by-dimension/275/50/20,173,8603,2.01%,13.52
https://www.michelinman.com/motorcycle/browse-tires/by-family/road,172,32371,0.53%,7.64
https://www.michelinman.com/motorcycle/michelin-power-ranges,172,7861,2.19%,11.95
https://www.michelinman.com/auto/manufacturers/genesis/gv80,172,3360,5.12%,9.3
https://www.michelinman.com/motorcycle/tires/michelin-power-slick-2,171,12801,1.34%,21.37
https://www.michelinman.com/auto/browse-tires/by-dimension/225/50/18,171,10066,1.7%,20.66
https://www.michelinman.com/auto/manufacturers/genesis/gv70,171,2983,5.73%,11.3
https://www.michelinman.com/motorcycle/browse-tires/by-usage/off-road,170,27098,0.63%,42.77
https://www.michelinman.com/auto/manufacturers/mercedes-benz/gle63-amg-s,170,4122,4.12%,22.25
https://www.michelinman.com/auto/browse-tires/by-dimension/245/65/17,169,10557,1.6%,21.89
https://www.michelinman.com/auto/manufacturers/chevrolet/bolt-ev,169,10367,1.63%,27.49
https://www.michelinman.com/bicycle/tires/michelin-wild-enduro-rear-gum-x,169,4449,3.8%,16.13
https://www.michelinman.com/motorcycle/tires/michelin-road-w-gt,169,1353,12.49%,10.16
https://www.michelinman.com/auto/manufacturers/subaru/crosstrek,168,11059,1.52%,12.43
https://www.michelinman.com/auto/manufacturers/porsche/911,168,7078,2.37%,11.82
https://www.michelinman.com/auto/car-tire-sizes/19-inches-tires,166,29098,0.57%,13.7
https://www.michelinman.com/auto/browse-tires/by-dimension/195/50/19,166,7793,2.13%,12.69
https://www.michelinman.com/motorcycle/manufacturers/honda/gl-1800-a-goldwing,166,2775,5.98%,19.51
https://www.michelinman.com/motorcycle/manufacturers,165,65345,0.25%,9.78
https://www.michelinman.com/auto/auto-tips-and-advice/tires-101/what-are-performance-tire-characteristics,165,18125,0.91%,26.33
https://www.michelinman.com/auto/manufacturers/volvo/xc60,165,6544,2.52%,10.64
https://www.michelinman.com/lifestyle/auto-accessories,164,22881,0.72%,53.09
https://www.michelinman.com/auto/browse-tires/by-dimension/295/65/20,164,5074,3.23%,19.22
https://www.michelinman.com/motorcycle/tires/michelin-enduro-xtrem-nhs,164,3735,4.39%,15.87
https://www.michelinman.com/auto/find-tires,163,49844,0.33%,14.06
https://www.michelinman.com/auto/auto-tips-and-advice/tire-maintenance/routine-tire-care-tips,163,20024,0.81%,12.56
https://www.michelinman.com/auto/manufacturers/kia/telluride,162,10585,1.53%,10.08
https://www.michelinman.com/auto/browse-tires/by-dimension/275/45/20,162,8131,1.99%,17.18
https://www.michelinman.com/auto/browse-tires/by-dimension/255/45/19,161,8735,1.84%,13.58
https://www.michelinman.com/auto/browse-tires/by-dimension/255/55/18,160,9094,1.76%,16
https://www.michelinman.com/auto/browse-tires/by-dimension/225/55/16,160,6101,2.62%,16.98
https://www.michelinman.com/auto/browse-tires/by-dimension/275/35/19,159,13347,1.19%,13.09
https://www.michelinman.com/auto/browse-tires/by-dimension/225/60/16,159,13342,1.19%,24.39
https://www.michelinman.com/auto/browse-tires/by-dimension/265/45/21,159,7725,2.06%,10.04
https://www.michelinman.com/auto/manufacturers/hyundai/elantra-n,159,3776,4.21%,13.66
https://www.michelinman.com/bicycle/browse-tires/by-cycle-type-and-usage/mtb/ebike,158,25944,0.61%,13.24
https://www.michelinman.com/bicycle/tires/power-adventure-competition-line,157,3100,5.06%,12.3
https://www.michelinman.com/auto/manufacturers/ford/mustang,156,13327,1.17%,14.72
https://www.michelinman.com/auto/manufacturers/toyota/gr86,156,10995,1.42%,7.42
https://www.michelinman.com/auto/tires/michelin-latitude-alpin-la2,156,6118,2.55%,20.12
https://www.michelinman.com/auto/manufacturers/lexus/es300h,155,6598,2.35%,15.76
https://www.michelinman.com/auto/browse-tires/by-dimension/205/60/16,154,14007,1.1%,21.64
https://www.michelinman.com/bicycle/browse-tires/by-usage/road/gravel,154,9261,1.66%,24.13
https://www.michelinman.com/auto/manufacturers/lexus,152,18279,0.83%,12.01
https://www.michelinman.com/auto/manufacturers/audi,152,12971,1.17%,10.55
https://www.michelinman.com/auto/browse-tires/by-dimension/255/60/18,151,8726,1.73%,13.34
https://www.michelinman.com/auto/browse-tires/by-dimension/245/70/17,151,8413,1.79%,20.33
https://www.michelinman.com/motorcycle/tires/michelin-power-rain,151,7129,2.12%,16.36
https://www.michelinman.com/bicycle/tires/michelin-country-rock,151,3246,4.65%,16.75
https://www.michelinman.com/auto/manufacturers/chevrolet/silverado-1500,150,17973,0.83%,30.67
https://www.michelinman.com/auto/browse-tires/by-dimension/275/60/20/115/T,150,12060,1.24%,18.29
https://www.michelinman.com/auto/browse-tires/by-dimension/205/65/16,150,10165,1.48%,22.85
https://www.michelinman.com/auto/browse-tires/by-dimension/285/40/22,150,9965,1.51%,10.92
https://www.michelinman.com/auto/manufacturers/subaru/ascent,150,7149,2.1%,9.22
https://www.michelinman.com/auto/browse-tires/by-category/ultra-high-performance-sport,149,17451,0.85%,19.93
https://www.michelinman.com/auto/browse-tires/by-dimension/255/35/19,149,14877,1%,13.62
https://www.michelinman.com/auto/browse-tires/by-dimension/265/55/20,149,8715,1.71%,8.11
https://www.michelinman.com/auto/assistance/glossary,149,7080,2.1%,17.38
https://www.michelinman.com/auto/manufacturers/bmw/m340i,149,3290,4.53%,11.43
https://www.michelinman.com/auto/browse-tires/by-dimension/245/50/19,148,9026,1.64%,12.49
https://www.michelinman.com/auto/browse-tires/by-dimension/235/40/19/96/V,147,13043,1.13%,10.6
https://www.michelinman.com/auto/browse-tires/by-dimension/245/50/20/102/V,147,10906,1.35%,12.98
https://www.michelinman.com/motorcycle/browse-tires/by-season/winter,147,5142,2.86%,12.08
https://www.michelinman.com/auto/browse-tires/by-dimension/235/65/16,146,9722,1.5%,19.81
https://www.michelinman.com/auto/browse-tires/by-dimension/305/35/19,146,6248,2.34%,10.99
https://www.michelinman.com/auto/manufacturers/volvo/xc40,146,3093,4.72%,14.52
https://www.michelinman.com/auto/browse-tires/by-dimension/215/70/16,145,8411,1.72%,22.22
https://www.michelinman.com/motorcycle/browse-tires/by-dimension/150/70/18,145,7662,1.89%,9.26
https://www.michelinman.com/auto/browse-tires/by-dimension/205/55/17,144,11694,1.23%,14.45
https://www.michelinman.com/auto/auto-tips-and-advice/driving-tips/michelin-track-days,144,7361,1.96%,22.82
https://www.michelinman.com/auto/manufacturers/honda/fit,143,15837,0.9%,12.51
https://www.michelinman.com/motorcycle/browse-tires/by-dimension/110/70/17,143,12316,1.16%,9.07
https://www.michelinman.com/auto/browse-tires/by-dimension/215/40/18,143,8103,1.76%,14.18
https://www.michelinman.com/auto/manufacturers/ford/mustang-mach-e,143,6376,2.24%,19.41
https://www.michelinman.com/motorcycle/browse-tires/by-family/scorcher,142,14575,0.97%,8.59
https://www.michelinman.com/auto/car-tire-sizes/24-inches-tires,142,7924,1.79%,14.6
https://www.michelinman.com/auto/manufacturers/mercedes-benz/e350,141,9013,1.56%,19
https://www.michelinman.com/auto/why-michelin/about-us,140,38912,0.36%,8.75
https://www.michelinman.com/auto/tires/michelin-defender2?tyreSize=16&bvstate=pg:2/ct:r,139,17767,0.78%,6.23
https://www.michelinman.com/auto/manufacturers/bmw/m3,139,6452,2.15%,10.24
https://www.michelinman.com/auto/browse-tires/by-dimension/305/30/20,138,9631,1.43%,11.49
https://www.michelinman.com/motorcycle/browse-tires/by-dimension/110/70/12,138,9376,1.47%,9.68
https://www.michelinman.com/motorcycle/browse-tires/by-dimension/70/100/19,138,7516,1.84%,7.82
https://www.michelinman.com/auto/browse-tires/by-dimension/235/80/18,138,4379,3.15%,12.33
https://www.michelinman.com/auto/manufacturers/mercedes-benz/c300,137,16289,0.84%,17.28
https://www.michelinman.com/bicycle/browse-tires/by-cycle-type-and-usage/mtb/downhill,137,15587,0.88%,13.79
https://www.michelinman.com/auto/browse-tires/by-dimension/235/50/20,137,5903,2.32%,10.08
https://www.michelinman.com/auto/browse-tires/by-dimension/235/35/19,136,18489,0.74%,13.24
https://www.michelinman.com/auto/manufacturers/toyota/tacoma,136,18054,0.75%,24.26
https://www.michelinman.com/auto/browse-tires/by-dimension/235/45/19,136,11340,1.2%,14.14
https://www.michelinman.com/auto/browse-tires/by-dimension/295/35/21,136,9164,1.48%,12.06
https://www.michelinman.com/auto/browse-tires/by-dimension/255/55/19,136,8873,1.53%,15.34
https://www.michelinman.com/auto/tires/michelin-defender-ltx-platinum?utm_source=DV360&utm_medium=display&utm_campaign=MICHELIN/AGB/Promotion/PDT/NotPredef%7C142438461/Retargeting_2023-09-21_2024-09-09_DIS_NUR_LOC_USA&utm_content=000000-9999828&utm_term=DV360_OMP_OMP_Scenario-1-RTG-PDP-30s_NA_RON_StandardBanner_320x50_CPM-oCPA_STD_LEAD_RTG_NOSD-NOGEO-NOBHV-NOCTX-NOPD_ENG_WV_DVFM_000000-9999828&dclid=CJ2uiqSA9YYDFVPLwgQdbp0NCg&bvstate=pg:2/ct:r,136,7612,1.79%,15.96
https://www.michelinman.com/auto/browse-tires/by-dimension/275/40/22,136,6297,2.16%,12.19
https://www.michelinman.com/motorcycle/manufacturers/honda/click-i-125-special-edition,136,5415,2.51%,9.5
https://www.michelinman.com/motorcycle/browse-tires/by-dimension/180/55/17,135,25969,0.52%,6.63
https://www.michelinman.com/motorcycle/tires/michelin-scorcher-11,135,4213,3.2%,13.18
https://www.michelinman.com/auto/browse-tires/by-dimension/225/45/21,135,2386,5.66%,9.83
https://www.michelinman.com/motorcycle/browse-tires/by-dimension/200/55/17,134,10875,1.23%,7.56
https://www.michelinman.com/auto/browse-tires/by-dimension/275/40/21,134,7348,1.82%,9.9
https://www.michelinman.com/auto/manufacturers/tesla/model-x,133,36362,0.37%,12.87
https://www.michelinman.com/auto/browse-tires/by-dimension/275/40/19,133,9412,1.41%,10.77
https://www.michelinman.com/auto/manufacturers/kia/sportage,133,7491,1.78%,17.31
https://www.michelinman.com/auto/browse-tires/by-dimension/285/75/16,133,6413,2.07%,25.06
https://www.michelinman.com/auto/browse-tires/by-dimension/225/70/16,133,5345,2.49%,23.19
https://www.michelinman.com/auto/browse-tires/by-dimension/285/65/18,133,4476,2.97%,20.36
https://www.michelinman.com/auto/manufacturers/toyota/avalon,132,8801,1.5%,23
https://www.michelinman.com/auto/manufacturers/bmw/330i,132,6811,1.94%,11.03
https://www.michelinman.com/auto/browse-tires/by-dimension/285/45/21,132,5170,2.55%,9.47
https://www.michelinman.com/auto/manufacturers/toyota/gr-supra,132,3743,3.53%,10.29
https://www.michelinman.com/auto/browse-tires/by-dimension/235/45/18/98/W,131,11015,1.19%,16.42
https://www.michelinman.com/bicycle/tires/michelin-pilot-sx-slick-racing-line,131,4963,2.64%,32.66
https://www.michelinman.com/auto/manufacturers/cadillac/xt6,131,3503,3.74%,17.66
https://www.michelinman.com/auto/ev-tire-shopping,131,3031,4.32%,23.51
https://www.michelinman.com/auto/browse-tires/by-family/pilot,130,18841,0.69%,28
https://www.michelinman.com/motorcycle/browse-tires/by-dimension/130/90/16,129,12808,1.01%,8.97
https://www.michelinman.com/auto/browse-tires/by-dimension/255/35/21,129,5819,2.22%,11.26
https://www.michelinman.com/bicycle/tires/michelin-protek,129,3977,3.24%,20.15
https://www.michelinman.com/bicycle/tires/michelin-dynamic-sport-ts,128,4056,3.16%,19.65
https://www.michelinman.com/auto/browse-tires/by-dimension/245/40/20,127,6830,1.86%,15.53
https://www.michelinman.com/auto/manufacturers/rivian,127,4223,3.01%,21.31
https://www.michelinman.com/motorcycle/browse-tires/by-dimension/140/80/17,127,3550,3.58%,9.92
https://www.michelinman.com/auto/manufacturers/genesis/g70,127,3068,4.14%,15.55
https://www.michelinman.com/auto/browse-tires/by-dimension/255/50/21,127,2709,4.69%,9.8
https://www.michelinman.com/motorcycle/browse-tires/by-family/commander,126,18828,0.67%,9.05
https://www.michelinman.com/motorcycle/browse-tires/by-dimension/110/90/19,126,11674,1.08%,8.61
https://www.michelinman.com/auto/browse-tires/by-dimension/215/65/16,126,11171,1.13%,22.06
https://www.michelinman.com/auto/browse-tires/by-category/suv-crossover,126,9210,1.37%,20.23
https://www.michelinman.com/auto/car-tire-sizes/23-inches-tires,126,3728,3.38%,10.13
https://www.michelinman.com/auto/browse-tires/by-dimension/235/45/17,125,9479,1.32%,18.71
https://www.michelinman.com/auto/browse-tires/by-dimension/235/70/16,125,9244,1.35%,24
https://www.michelinman.com/auto/manufacturers/ford/f-350-super-duty,125,6721,1.86%,14.59
https://www.michelinman.com/auto/auto-tips-and-advice/electric-mobility-guide/tires-rated-for-high-load-capacity,125,5138,2.43%,9.8
https://www.michelinman.com/motorsport/tires/michelin-pilot-sport-gravel,125,3036,4.12%,20.83
https://www.michelinman.com/motorcycle/browse-tires/by-dimension/90/90/18,123,15559,0.79%,9.08
https://www.michelinman.com/auto/browse-tires/by-dimension/255/65/17,123,4529,2.72%,18.2
https://www.michelinman.com/auto/manufacturers/chevrolet/blazer,123,4489,2.74%,11.95
https://www.michelinman.com/motorcycle/browse-tires/by-usage/racing,122,16193,0.75%,33.98
https://www.michelinman.com/auto/tires/michelin-latitude-sport,122,8827,1.38%,16.18
https://www.michelinman.com/auto/browse-tires/by-dimension/235/60/19,122,4501,2.71%,9.72
https://www.michelinman.com/auto/manufacturers/bmw/m4,122,4361,2.8%,12.76
https://www.michelinman.com/auto/manufacturers/mercedes-benz/glb250,122,3924,3.11%,10.03
https://www.michelinman.com/auto/browse-tires/by-dimension/215/50/17/90/V,121,9742,1.24%,21.67
https://www.michelinman.com/auto/browse-tires/by-dimension/265/40/22,121,3439,3.52%,13.6
https://www.michelinman.com/auto/browse-tires/by-dimension/255/35/20,120,5211,2.3%,16.69
https://www.michelinman.com/auto/browse-tires/by-dimension/345/30/19,120,4473,2.68%,9.26
https://www.michelinman.com/auto/manufacturers/mercedes-benz/g63-amg,120,4183,2.87%,24.97
https://www.michelinman.com/motorcycle/tires/michelin-power-cup-evo,120,3024,3.97%,19.45
https://www.michelinman.com/auto/manufacturers/chevrolet/silverado-2500-hd,119,6958,1.71%,23.43
https://www.michelinman.com/auto/browse-tires/by-dimension/265/30/19,119,5838,2.04%,12.28
https://www.michelinman.com/auto/browse-tires/by-dimension/325/35/22,119,4969,2.39%,10.23
https://www.michelinman.com/auto/browse-tires/by-dimension/245/60/18/105/T,118,10407,1.13%,19.14
https://www.michelinman.com/auto/browse-tires/by-dimension/285/30/20,118,9055,1.3%,11.39
https://www.michelinman.com/auto/auto-tips-and-advice/tire-maintenance,118,8131,1.45%,16.32
https://www.michelinman.com/michelin-brand-campaign/aircraft,118,5693,2.07%,17.5
https://www.michelinman.com/motorcycle/browse-tires/by-family/starcross,118,4975,2.37%,13.8
https://www.michelinman.com/auto/browse-tires/by-dimension/305/45/22,118,4681,2.52%,16.75
https://www.michelinman.com/imsa/michelin-partnerships,118,3603,3.28%,25.01
https://www.michelinman.com/auto/browse-tires/by-dimension/275/50/21,117,3078,3.8%,9.67
https://www.michelinman.com/motorcycle/browse-tires/by-dimension/240/40/18,116,16886,0.69%,6.14
https://www.michelinman.com/motorcycle/manufacturers/honda,116,10816,1.07%,13.16
https://www.michelinman.com/auto/manufacturers/chevrolet/tahoe,116,9692,1.2%,19.26
https://www.michelinman.com/auto/browse-tires/by-category/efficiency,116,9447,1.23%,19.58
https://www.michelinman.com/motorcycle/motorcycle-tire-sizes/16-inches-tires,116,7495,1.55%,22.27
https://www.michelinman.com/auto/electric-vehicles-faq,116,4946,2.35%,31.47
https://www.michelinman.com/auto/browse-tires/by-dimension/325/40/22,116,4654,2.49%,10.21
https://www.michelinman.com/auto/browse-tires/by-dimension/305/35/20,115,6625,1.74%,11.81
https://www.michelinman.com/motorcycle/browse-tires/by-family/power,114,22929,0.5%,10.17
https://www.michelinman.com/auto/browse-tires/by-family/crossclimate,114,9828,1.16%,12.98
https://www.michelinman.com/auto/manufacturers/lexus/nx300,114,5805,1.96%,13.52
https://www.michelinman.com/motorcycle/tires/michelin-power-supermoto-slick,114,5228,2.18%,24.87
https://www.michelinman.com/auto/manufacturers/toyota/venza,114,5028,2.27%,14.88
https://www.michelinman.com/motorcycle/browse-tires/by-dimension/120/90/17,113,7643,1.48%,9.89
https://www.michelinman.com/auto/browse-tires/by-dimension/275/65/18/116/T,113,7232,1.56%,16.7
https://www.michelinman.com/motorcycle/browse-tires/by-dimension/120/80/18,113,5368,2.11%,11.41
https://www.michelinman.com/auto/browse-tires/by-dimension/315/35/21,113,3053,3.7%,12.39
https://www.michelinman.com/motorcycle/browse-tires/by-dimension/120/70/17,112,12746,0.88%,8.88
https://www.michelinman.com/auto/manufacturers/honda/passport,112,9417,1.19%,8.06
https://www.michelinman.com/auto/browse-tires/by-dimension/215/65/17,112,8734,1.28%,18.08
https://www.michelinman.com/auto/manufacturers/chevrolet/camaro,112,8662,1.29%,19.28
https://www.michelinman.com/auto/browse-tires/by-dimension/295/45/20,112,7910,1.42%,11.07
https://www.michelinman.com/bicycle/tips-and-advice/tips-and-advice-bicycle/puncture-resistance,112,7437,1.51%,21.15
https://www.michelinman.com/dealer-campaign/michelin-winter-ext-2024,112,6525,1.72%,16.36
https://www.michelinman.com/auto/browse-tires/by-dimension/215/45/18,112,4344,2.58%,23.23
https://www.michelinman.com/auto/browse-tires/by-dimension/205/45/17,111,11669,0.95%,16.6
https://www.michelinman.com/motorcycle/browse-tires/by-dimension/90/90/21,111,10423,1.06%,7.76
https://www.michelinman.com/auto/browse-tires/by-dimension/215/50/17,111,7793,1.42%,20.51
https://www.michelinman.com/auto/browse-tires/by-dimension/235/60/17,111,6462,1.72%,21.65
https://www.michelinman.com/auto/browse-tires/by-dimension/285/65/20,111,5464,2.03%,19.9
https://www.michelinman.com/auto/manufacturers/land-rover/defender-110,111,3676,3.02%,24.6
https://www.michelinman.com/auto/browse-tires/by-dimension/255/35/18,110,14592,0.75%,13.98
https://www.michelinman.com/auto/manufacturers/ford/fusion,110,11656,0.94%,32.45
https://www.michelinman.com/auto/browse-tires/by-dimension/235/55/20/102/V,110,10488,1.05%,13.91
https://www.michelinman.com/auto/browse-tires/by-dimension/245/35/20,110,7960,1.38%,14.8
https://www.michelinman.com/motorcycle/browse-tires/by-dimension/140/70/17,109,10788,1.01%,9.12
https://www.michelinman.com/michelin-brand-campaign/recycling,109,1850,5.89%,38.78
https://www.michelinman.com/auto/browse-tires/by-dimension/215/55/17/94/V,108,12833,0.84%,19.63
https://www.michelinman.com/auto/browse-tires/by-dimension/205/50/17,108,8279,1.3%,24.06
https://www.michelinman.com/motorcycle/browse-tires/by-dimension/150/60/17,107,30336,0.35%,6.66
https://www.michelinman.com/auto/browse-tires/by-dimension/295/70/18,107,4774,2.24%,22.72
https://www.michelinman.com/bicycle/browse-tires,106,19912,0.53%,20.35
https://www.michelinman.com/motorcycle/browse-tires/by-dimension/160/60/17,106,17707,0.6%,8.53
https://www.michelinman.com/motorcycle/browse-tires/by-dimension/90/100/16,106,14543,0.73%,8.02
https://www.michelinman.com/motorcycle/browse-tires/by-dimension/130/80/17,106,8801,1.2%,8.87
https://www.michelinman.com/auto/browse-tires/by-dimension/245/60/20,106,6921,1.53%,13.68
https://www.michelinman.com/auto/browse-tires/by-dimension/305/50/20,106,3104,3.41%,23.88
https://www.michelinman.com/auto/manufacturers/bmw/ix,106,2639,4.02%,14.08
https://www.michelinman.com/auto/browse-tires/by-dimension/225/50/17/94/V,105,7772,1.35%,20.38
https://www.michelinman.com/auto/browse-tires/by-dimension/235/55/19/105/H,105,6650,1.58%,9.54
https://www.michelinman.com/auto/manufacturers/toyota/land-cruiser,105,4305,2.44%,11.55
https://www.michelinman.com/auto/manufacturers/mercedes-benz/eqs-450,105,1448,7.25%,14.11
https://www.michelinman.com/auto/manufacturers/toyota/tundra,104,12298,0.85%,20.36
https://www.michelinman.com/auto/auto-tips-and-advice/driving-tips/getting-your-car-ready-for-winter,104,11414,0.91%,24.81
https://www.michelinman.com/auto/browse-tires/by-dimension/275/30/20,104,7538,1.38%,12.91
https://www.michelinman.com/auto/browse-tires/by-dimension/275/40/20,104,6783,1.53%,18.34
https://www.michelinman.com/auto/browse-tires/by-dimension/345/25/21,104,3855,2.7%,7.34
https://www.michelinman.com/assistance,103,25914,0.4%,7.25
https://www.michelinman.com/auto/browse-tires/by-dimension/235/55/19/101/V,103,6043,1.7%,12.8
https://www.michelinman.com/lifestyle,103,4901,2.1%,8.29
https://www.michelinman.com/motorcycle/motorcycle-tire-sizes/21-inches-tires,102,6235,1.64%,17.36
https://www.michelinman.com/auto/browse-tires/by-dimension/265/40/21,102,4888,2.09%,12.48
https://www.michelinman.com/auto/manufacturers/cadillac/ct5,102,4121,2.48%,36.53
https://www.michelinman.com/classic/tires/michelin-mxv3-a,102,881,11.58%,7.59
https://www.michelinman.com/auto/manufacturers/jeep/wrangler,101,22546,0.45%,28.35
https://www.michelinman.com/auto/browse-tires/by-dimension/255/45/18,101,9540,1.06%,12.15
https://www.michelinman.com/auto/browse-tires/by-usage/passenger-car-minivan,101,7561,1.34%,23.47
https://www.michelinman.com/auto/browse-tires/by-dimension/275/35/20,101,6452,1.57%,13.13
https://www.michelinman.com/motorcycle/tires/michelin-pilot-road-4-gt,101,5886,1.72%,19
https://www.michelinman.com/auto/browse-tires/by-dimension/285/55/20,101,5684,1.78%,20.08
https://www.michelinman.com/auto/manufacturers/volkswagen/id.4,101,4984,2.03%,13.41
https://www.michelinman.com/motorcycle/browse-tires/by-dimension/110/80/18,100,6407,1.56%,9.8
https://www.michelinman.com/auto/browse-tires/by-dimension/235/50/17,100,6012,1.66%,16.25
https://www.michelinman.com/auto/browse-tires/by-dimension/315/40/21,100,5253,1.9%,11.46
https://www.michelinman.com/auto/tires/michelin-primacy-ltx?tyreSize=17&bvstate=pg:2/ct:r,100,2565,3.9%,11.52
https://www.michelinman.com/bicycle/browse-tires/by-cycle-type-and-usage/mtb/enduro,99,19582,0.51%,14.39
https://www.michelinman.com/classic/tires/michelin-xas,99,5773,1.71%,10.22
https://www.michelinman.com/auto/auto-tips-and-advice/electric-mobility-guide/how-to-optimize-ev-for-higher-load-capacity,99,3717,2.66%,24.06
https://www.michelinman.com/auto/browse-tires/by-dimension/225/75/16,98,8117,1.21%,21.02
https://www.michelinman.com/auto/browse-tires/by-dimension/235/55/19/101/H,98,7818,1.25%,15.7
https://www.michelinman.com/auto/browse-tires/by-dimension/285/35/19,98,6324,1.55%,13.23
https://www.michelinman.com/auto/manufacturers/buick/enclave,98,5781,1.7%,13.06
https://www.michelinman.com/auto/browse-tires/by-dimension/245/50/18,98,4172,2.35%,21.23
https://www.michelinman.com/motorcycle/manufacturers/kawasaki/ninja-650,98,3971,2.47%,17.67
https://www.michelinman.com/auto/manufacturers/mercedes-benz/gle450,98,3039,3.22%,15.42
https://www.michelinman.com/auto/dealer-locator/portland-or-usa,97,21778,0.45%,12.93
https://www.michelinman.com/motorcycle/manufacturers/kawasaki,97,7804,1.24%,17.44
https://www.michelinman.com/auto/browse-tires/by-dimension/195/60/17,97,3268,2.97%,9.54
https://www.michelinman.com/bicycle/tires/michelin-dh22,97,2342,4.14%,10.32
https://www.michelinman.com/bicycle/browse-tires/by-cycle-type-and-usage/mtb/all-mountain,96,25152,0.38%,16.72
https://www.michelinman.com/motorcycle/assistance/motorcycle-and-scooter-warranty,96,18234,0.53%,16.18
https://www.michelinman.com/auto/manufacturers/ford/expedition,96,6552,1.47%,20.1
https://www.michelinman.com/auto/manufacturers/mazda/cx-30,96,6353,1.51%,9.36
https://www.michelinman.com/auto/browse-tires/by-dimension/275/35/18,96,4671,2.06%,13.91
https://www.michelinman.com/auto/manufacturers/tesla/cybertruck,95,34690,0.27%,9.32
https://www.michelinman.com/motorcycle/browse-tires/by-dimension/120/90/18,95,14104,0.67%,8.94
https://www.michelinman.com/motorcycle/motorcycle-tire-sizes/17-inches-tires,95,9481,1%,20.06
https://www.michelinman.com/auto/tires/michelin-latitude-alpin,95,6479,1.47%,18.3
https://www.michelinman.com/auto/browse-tires/by-dimension/235/85/16,95,6422,1.48%,25.32
https://www.michelinman.com/auto/browse-tires/by-dimension/235/35/20,95,6278,1.51%,14.34
https://www.michelinman.com/auto/browse-tires/by-dimension/255/70/18,95,5186,1.83%,16.8
https://www.michelinman.com/motorcycle/tires/michelin-starcross-6-medium-hard,95,3046,3.12%,16.33
https://www.michelinman.com/motorcycle/browse-tires/by-dimension/150/80/16,94,14864,0.63%,8.27
https://www.michelinman.com/auto/browse-tires/by-dimension/225/60/18/100/H,94,7008,1.34%,18.83
https://www.michelinman.com/auto/browse-tires/by-dimension/335/25/20,94,5016,1.87%,8.46
https://www.michelinman.com/auto/browse-tires/by-dimension/275/45/22,94,4632,2.03%,11.2
https://www.michelinman.com/auto/browse-tires/by-dimension/335/35/17,94,3640,2.58%,16.64
https://www.michelinman.com/auto/browse-tires/by-dimension/265/35/19,93,6420,1.45%,12.31
https://www.michelinman.com/auto/browse-tires/by-dimension/285/50/20,93,4358,2.13%,15.69
https://www.michelinman.com/auto/browse-tires/by-dimension/245/40/21,93,2706,3.44%,12.23
https://www.michelinman.com/auto/manufacturers/kia/sorento,92,10291,0.89%,17.99
https://www.michelinman.com/auto/browse-tires/by-dimension/255/40/18,92,5820,1.58%,13.32
https://www.michelinman.com/motorcycle/manufacturers/vespa,92,3372,2.73%,17.29
https://www.michelinman.com/auto/dealer-locator/new-york,91,111072,0.08%,20.67
https://www.michelinman.com/motorcycle/browse-tires/by-dimension/190/55/17,91,6530,1.39%,8.19
https://www.michelinman.com/auto/tires/michelin-primacy-tour-a-s?tyreSize=21&bvstate=pg:2/ct:r,91,5678,1.6%,6.38
https://www.michelinman.com/auto/manufacturers/mercedes-benz/sprinter-2500,91,5635,1.61%,22.97
https://www.michelinman.com/auto/manufacturers/mercedes-benz/amg-gt-63-s,91,4728,1.92%,42.81
https://www.michelinman.com/bicycle/tires/michelin-protek-cross,91,2589,3.51%,19.85
https://www.michelinman.com/bicycle/tires/michelin-lithion-4-performance-line,91,2235,4.07%,11.46
https://www.michelinman.com/auto/dealer-locator/buffalo-ny-usa,90,21965,0.41%,12.39
https://www.michelinman.com/auto/browse-tires/by-dimension/185/60/15,90,7572,1.19%,22.88
https://www.michelinman.com/auto/manufacturers/chevrolet/traverse,90,7534,1.19%,15.16
https://www.michelinman.com/auto/manufacturers/mazda/cx-9,90,5456,1.65%,12.05
https://www.michelinman.com/auto/browse-tires/by-dimension/265/30/20,90,5182,1.74%,11.97
https://www.michelinman.com/auto/browse-tires/by-dimension/275/60/22,90,3272,2.75%,9.12
https://www.michelinman.com/motorsport/browse-tires/by-category/rally,90,2955,3.05%,14.83
https://www.michelinman.com/auto/browse-tires/by-category/suv-slash-crossover,89,16783,0.53%,27.7
https://www.michelinman.com/auto/browse-tires/by-dimension/255/70/16,89,4973,1.79%,21.68
https://www.michelinman.com/bicycle/tires/michelin-e-wild-front,89,2805,3.17%,16.03
https://www.michelinman.com/auto/browse-tires/by-category/ev-ready,88,31229,0.28%,9.76
https://www.michelinman.com/auto/browse-tires/by-dimension/31/10.5/15,88,6889,1.28%,25.69
https://www.michelinman.com/auto/manufacturers/cadillac/escalade,88,4751,1.85%,13.13
https://www.michelinman.com/why-michelin/innovation,88,4526,1.94%,17.99
https://www.michelinman.com/auto/browse-tires/by-dimension/315/35/22,88,4406,2%,11.12
https://www.michelinman.com/auto/manufacturers/bmw/m5,88,3250,2.71%,16.76
https://www.michelinman.com/bicycle/tires/michelin-dh34,88,2230,3.95%,13.37
https://www.michelinman.com/bicycle/tires/michelin-power-time-trial,88,1610,5.47%,17.59
https://www.michelinman.com/auto/auto-tips-and-advice/car-emergencies/tire-blowout,87,14903,0.58%,18.31
https://www.michelinman.com/auto/browse-tires/by-dimension/195/60/15,87,14767,0.59%,21.13
https://www.michelinman.com/bicycle/browse-tires/by-cycle-type-and-usage/mtb/cross-country,87,14076,0.62%,17.9
https://www.michelinman.com/auto/auto-tips-and-advice/driving-tips/tips-for-driving-at-night-in-fog-on-highways-more,87,12739,0.68%,28
https://www.michelinman.com/motorcycle/tires/michelin-power-performance-slick,87,4389,1.98%,27.29
https://www.michelinman.com/motorcycle/tires/michelin-starcross-6-sand,87,4348,2%,29.92
https://www.michelinman.com/bicycle/bicycle-tubes/bicycle-tubes-road,86,19340,0.44%,36.22
https://www.michelinman.com/auto/manufacturers/bmw/328i,86,12841,0.67%,13.44
https://www.michelinman.com/auto/browse-tires/by-dimension/255/70/17,86,4211,2.04%,22
https://www.michelinman.com/motorcycle/browse-tires/by-dimension/120/80/12,86,4189,2.05%,12.66
https://www.michelinman.com/auto/manufacturers/lexus/is350,86,4032,2.13%,12.02
https://www.michelinman.com/motorcycle/browse-tires/by-dimension/180/70/16,85,13184,0.64%,5.84
https://www.michelinman.com/auto/dealer-locator/miami-fl-usa,85,12063,0.7%,15.96
https://www.michelinman.com/motorcycle/browse-tires/by-dimension/170/60/17,85,10492,0.81%,7.42
https://www.michelinman.com/motorcycle/browse-tires/by-dimension/80/100/21,85,9737,0.87%,9.94
https://www.michelinman.com/auto/manufacturers/hyundai/santa-fe,85,8400,1.01%,17.23
https://www.michelinman.com/auto/browse-tires/by-dimension/275/40/18,85,5194,1.64%,15.17
https://www.michelinman.com/auto/browse-tires/by-dimension/265/45/21/104/W,85,4680,1.82%,9.11
https://www.michelinman.com/auto/browse-tires/by-dimension/345/30/20,85,4456,1.91%,8.73
https://www.michelinman.com/motorcycle/browse-tires/by-dimension/110/80/14,85,3787,2.24%,8.21
https://www.michelinman.com/motorcycle/browse-tires/by-dimension/70/100/17,84,17782,0.47%,8.72
https://www.michelinman.com/auto/car-tire-sizes/22-inch-tires,84,11473,0.73%,11.58
https://www.michelinman.com/auto/browse-tires/by-dimension/275/60/18,84,5409,1.55%,11.07
https://www.michelinman.com/auto/manufacturers/lincoln/corsair,84,2437,3.45%,12.28
https://www.michelinman.com/auto/manufacturers/ram/1500,83,12917,0.64%,26.3
https://www.michelinman.com/auto/car-tire-sizes/17-inch-tires,83,11630,0.71%,12.63
https://www.michelinman.com/auto/tires/michelin-pilot-sport-all-season-4?tyreSize=16&bvstate=pg:4/ct:r,83,8511,0.98%,15.75
https://www.michelinman.com/auto/tires/michelin-pilot-sport-4-s?tyreSize=17&bvstate=pg:3/ct:r,83,6794,1.22%,8.75
https://www.michelinman.com/auto/manufacturers/gmc/acadia,83,6440,1.29%,18.01
https://www.michelinman.com/auto/every-ev-michelin-tires-standard-equipment,83,4460,1.86%,8.24
https://www.michelinman.com/auto/manufacturers/audi/q3,83,4062,2.04%,11.11
https://www.michelinman.com/bicycle/tires/michelin-pilot-pump,83,2660,3.12%,34.06
https://www.michelinman.com/motorsport/sport-tires,82,391425,0.02%,7.07
https://www.michelinman.com/auto/manufacturers/bmw/x1,82,13668,0.6%,10.23
https://www.michelinman.com/auto/manufacturers/bmw/i4,82,11345,0.72%,10.44
https://www.michelinman.com/auto/manufacturers/hyundai/sonata,82,10446,0.78%,24.08
https://www.michelinman.com/auto/manufacturers/gmc/terrain,82,8120,1.01%,22.4
https://www.michelinman.com/motorcycle/tires/michelin-scorcher-adventure,82,3186,2.57%,16.72
https://www.michelinman.com/bicycle/tires/michelin-dynamic-classic,82,3050,2.69%,16.81
https://www.michelinman.com/auto/manufacturers/volkswagen/tiguan,81,7616,1.06%,14.46
https://www.michelinman.com/auto/browse-tires/by-dimension/255/75/17,81,7311,1.11%,22.29
https://www.michelinman.com/bicycle/tires/michelin-wild-enduro-mh-racing-line,81,5934,1.37%,18.98
https://www.michelinman.com/auto/manufacturers/mercedes-benz/cla250,81,5883,1.38%,19.83
https://www.michelinman.com/auto/manufacturers/audi/a6-quattro,81,3380,2.4%,15.07
https://www.michelinman.com/auto/browse-tires/by-dimension/295/30/21,81,2896,2.8%,9.33
https://www.michelinman.com/auto/manufacturers/cadillac/srx,80,4901,1.63%,15.34
https://www.michelinman.com/auto/manufacturers/lexus/ux250h,80,3726,2.15%,14.86
https://www.michelinman.com/auto/browse-tires/by-dimension/275/40/17,80,3142,2.55%,16.72
https://www.michelinman.com/auto/browse-tires/by-dimension/295/35/23,80,1597,5.01%,11.15
https://www.michelinman.com/auto/manufacturers/nissan/altima,79,14320,0.55%,28.83
https://www.michelinman.com/motorcycle/browse-tires/by-dimension/120/70/12,79,12109,0.65%,9.64
https://www.michelinman.com/motorcycle/browse-tires/by-dimension/150/70/17,79,11430,0.69%,9.04
https://www.michelinman.com/motorcycle/manufacturers/yamaha,79,11199,0.71%,13.53
https://www.michelinman.com/motorcycle/browse-tires/by-dimension/130/60/19,79,10930,0.72%,8.56
https://www.michelinman.com/auto/browse-tires/by-dimension/285/35/20,79,5918,1.33%,12.46
https://www.michelinman.com/auto/manufacturers/lexus/gs350,79,5873,1.35%,17.49
https://www.michelinman.com/motorcycle/browse-tires/by-dimension/80/90/17,79,5186,1.52%,8.07
https://www.michelinman.com/auto/dealer-locator/south-houston/fast-monkey-wheels,79,4187,1.89%,12.11
https://www.michelinman.com/auto/manufacturers/mercedes-benz/glc43-amg,79,2341,3.37%,21.74
https://www.michelinman.com/auto/manufacturers/ford,78,28982,0.27%,11.26
https://www.michelinman.com/motorcycle/tips-and-advice/how-to-choose-the-right-motorcycle-tire/how-to-read-a-tire,78,16912,0.46%,18.44
https://www.michelinman.com/auto/manufacturers/jeep,78,16313,0.48%,30.81
https://www.michelinman.com/auto/manufacturers/kia/soul,78,11241,0.69%,19.36
https://www.michelinman.com/auto/manufacturers/cadillac,78,9984,0.78%,10.93
https://www.michelinman.com/auto/browse-tires/by-dimension/225/45/19,78,7316,1.07%,19.21
https://www.michelinman.com/auto/browse-tires/by-dimension/215/60/17,78,6481,1.2%,21.07
https://www.michelinman.com/auto/browse-tires/by-dimension/315/35/20,78,5079,1.54%,18.15
https://www.michelinman.com/auto/manufacturers/bmw/x6,78,4522,1.72%,15.22
https://www.michelinman.com/auto/browse-tires/by-dimension/185/55/16,78,4386,1.78%,15.83
https://www.michelinman.com/auto/browse-tires/by-dimension/285/30/19,78,4162,1.87%,14.28
https://www.michelinman.com/auto/tires/michelin-primacy-all-season?deeFvawkg1tILFJ5cq55PpreNLuAbnpd&bvstate=pg:2/ct:r,78,4041,1.93%,11.86
https://www.michelinman.com/auto/manufacturers/lexus/lx570,78,3487,2.24%,22.64
https://www.michelinman.com/auto/browse-tires/by-dimension/255/45/22,78,2135,3.65%,11.35
https://www.michelinman.com/auto/manufacturers/hyundai,77,10398,0.74%,13.62
https://www.michelinman.com/auto/manufacturers/mercedes-benz/c43-amg,77,8414,0.92%,24.43
https://www.michelinman.com/auto/browse-tires/by-dimension/265/35/18,77,5956,1.29%,12.86
https://www.michelinman.com/motorcycle/browse-tires/by-dimension/160/70/17,77,5708,1.35%,7.71
https://www.michelinman.com/bicycle/tires/michelin-power-all-season,77,3236,2.38%,16.79
https://www.michelinman.com/auto/browse-tires/by-dimension/245/55/18,77,3207,2.4%,17.92
https://www.michelinman.com/motorcycle/browse-tires/by-category/sports-touring,76,17540,0.43%,15.17
https://www.michelinman.com/auto/tires/michelin-defender-ltx-m-s2?tyreSize=19&bvstate=pg:2/ct:r,76,12345,0.62%,16.48
https://www.michelinman.com/auto/manufacturers/chrysler/pacifica-minivan,76,6804,1.12%,21.43
https://www.michelinman.com/auto/manufacturers/volkswagen/atlas,76,6299,1.21%,14.22
https://www.michelinman.com/auto/manufacturers/mercedes-benz/ml350,76,5930,1.28%,20.15
https://www.michelinman.com/bicycle/tires/michelin-power-cup-tubular-racing-line,76,3250,2.34%,35.69
https://www.michelinman.com/auto/browse-tires/by-dimension/235/45/18/94/V,75,7115,1.05%,17.44
https://www.michelinman.com/auto/manufacturers/volvo,75,5855,1.28%,12.59
https://www.michelinman.com/auto/browse-tires/by-dimension/245/40/17,75,4433,1.69%,16.05
https://www.michelinman.com/auto/dealer-locator/brentwood/stratham-tire-inc6,75,3486,2.15%,10.5
https://www.michelinman.com/auto/browse-tires/by-dimension/275/30/19,75,3249,2.31%,16.39
https://www.michelinman.com/auto/browse-tires/by-dimension/295/35/18,75,3242,2.31%,13.85
https://www.michelinman.com/auto/browse-tires/by-dimension/235/55/18/100/V,74,13988,0.53%,15.06
https://www.michelinman.com/auto/browse-tires/by-family/primacy,74,12976,0.57%,17.21
https://www.michelinman.com/auto/browse-tires/by-dimension/255/40/17,74,5355,1.38%,17.69
https://www.michelinman.com/auto/browse-tires/by-dimension/245/45/21,74,3147,2.35%,12.83
https://www.michelinman.com/auto/browse-tires/by-dimension/265/50/19,74,3092,2.39%,13.23
https://www.michelinman.com/auto/manufacturers/cadillac/xt4,74,2626,2.82%,10.08
https://www.michelinman.com/michelin-brand-campaign/environment,74,2584,2.86%,10.41
https://www.michelinman.com/auto/manufacturers/genesis/g80,74,2393,3.09%,21.99
https://www.michelinman.com/classic/tires/michelin-x-m-plus-s-244,74,950,7.79%,14.42
https://www.michelinman.com/motorcycle/browse-tires/by-dimension/100/80/17,73,15822,0.46%,7.4
https://www.michelinman.com/auto/manufacturers/mercedes-benz/c63-amg-s,73,4766,1.53%,41.42
https://www.michelinman.com/auto/manufacturers/subaru/wrx,73,4622,1.58%,13.39
https://www.michelinman.com/auto/manufacturers/mazda/mx-5-miata,73,3327,2.19%,15.84
https://www.michelinman.com/auto/manufacturers/kia/niro,73,3270,2.23%,11.45
https://www.michelinman.com/motorcycle/tires/michelin-starcross-5-soft,73,2883,2.53%,14.99
https://www.michelinman.com/auto/browse-tires/by-dimension/315/30/21,73,2713,2.69%,10.01
https://www.michelinman.com/classic/tires/michelin-pilot-sx-mxx3,73,754,9.68%,7.25
https://www.michelinman.com/motorcycle/browse-tires/by-dimension/180/65/16,72,22304,0.32%,4.9
https://www.michelinman.com/auto/manufacturers/nissan/sentra,72,10736,0.67%,25.82
https://www.michelinman.com/motorcycle/browse-tires/by-dimension/130/60/13,72,9578,0.75%,10.34
https://www.michelinman.com/motorcycle/motorcycle-tire-sizes/18-inches-tires,72,8347,0.86%,24.63
https://www.michelinman.com/auto/browse-tires/by-dimension/265/60/18/110/T,72,6688,1.08%,16.77
https://www.michelinman.com/classic,72,5755,1.25%,14.52
https://www.michelinman.com/auto/manufacturers/nissan/murano,72,5579,1.29%,23.47
https://www.michelinman.com/auto/browse-tires/by-dimension/285/45/20,72,5418,1.33%,13.66
https://www.michelinman.com/auto/browse-tires/by-dimension/275/55/19,72,3956,1.82%,12.19
https://www.michelinman.com/motorcycle/browse-tires/by-category/trial,72,2416,2.98%,19.64
https://www.michelinman.com/auto/browse-tires/by-dimension/275/55/21,72,1421,5.07%,10.81
https://www.michelinman.com/motorcycle/browse-tires/by-dimension/180/55/18,71,11747,0.6%,9.88
https://www.michelinman.com/bicycle/browse-tires/all-tires,71,8978,0.79%,21.46
https://www.michelinman.com/auto/browse-tires/by-family/latitude,71,8129,0.87%,24.4
https://www.michelinman.com/auto/manufacturers/mercedes-benz/a220,71,8003,0.89%,16.26
https://www.michelinman.com/auto/manufacturers/chevrolet/bolt-euv,71,6782,1.05%,35.51
https://www.michelinman.com/auto/manufacturers/lexus/is250,71,6656,1.07%,17.62
https://www.michelinman.com/motorcycle/manufacturers/honda/cbr600rr,71,5415,1.31%,18.92
https://www.michelinman.com/auto/tires/michelin-crossclimate2?tyreSize=19/&bvstate=pg:8/ct:r,71,4692,1.51%,4.99
https://www.michelinman.com/auto/manufacturers/land-rover/range-rover-sport,71,4293,1.65%,15.64
https://www.michelinman.com/motorcycle/browse-tires/by-dimension/110/90/12,71,3760,1.89%,10.28
https://www.michelinman.com/motorcycle/manufacturers/yamaha/aerox-r-all,71,2928,2.42%,10.17
https://www.michelinman.com/auto/manufacturers/acura,70,7376,0.95%,15.85
https://www.michelinman.com/auto/manufacturers/gmc/sierra-1500,70,5443,1.29%,30.09
https://www.michelinman.com/auto/browse-tires/by-dimension/245/40/19/98/Y,70,5157,1.36%,10.26
https://www.michelinman.com/motorcycle/browse-tires/by-dimension/140/80/18,70,3714,1.88%,13.28
https://www.michelinman.com/auto/manufacturers/acura/tlx,70,3562,1.97%,13.98
https://www.michelinman.com/auto/tires/michelin-x-lt-a-s?tyreSize=17&bvstate=pg:2/ct:r,70,3534,1.98%,13.22
https://www.michelinman.com/auto/manufacturers/chevrolet/suburban,70,3354,2.09%,12.84
https://www.michelinman.com/motorcycle/motorcycle-tire-sizes/14-inches-tires,69,6518,1.06%,22.31
https://www.michelinman.com/auto/manufacturers/audi/q7,69,4616,1.49%,15.65
https://www.michelinman.com/auto/browse-tires/by-dimension/245/35/19/93/Y,69,4498,1.53%,14.26
https://www.michelinman.com/auto/browse-tires/by-dimension/295/40/20,69,4043,1.71%,15.3
https://www.michelinman.com/auto/tires/michelin-energy-saver-a-s?tyreSize=16&bvstate=pg:2/ct:r,69,3410,2.02%,12.75
https://www.michelinman.com/auto/browse-tires/by-dimension/195/55/16,69,3214,2.15%,27.26
https://www.michelinman.com/auto/browse-tires/by-dimension/235/75/15/109/T,69,3213,2.15%,21.61
https://www.michelinman.com/auto/browse-tires/by-dimension/265/40/17,69,2583,2.67%,9.28
https://www.michelinman.com/auto/dealer-locator/los-angeles,68,44792,0.15%,11.21
https://www.michelinman.com/motorcycle/browse-tires/by-dimension/100/90/18,68,11786,0.58%,9.98
https://www.michelinman.com/auto/tires/michelin-x-ice-snow?tyreSize=16&bvstate=pg:2/ct:r,68,10719,0.63%,13.1
https://www.michelinman.com/classic/browse-tires/all-tires,68,10312,0.66%,20.59
https://www.michelinman.com/auto/manufacturers/chevrolet/impala,68,7236,0.94%,35.37
https://www.michelinman.com/auto/dealer-locator/milwaukee,68,7115,0.96%,24.47
https://www.michelinman.com/auto/browse-tires/by-dimension/275/70/18/125/S,68,5126,1.33%,15.54
https://www.michelinman.com/bicycle/tires/michelin-power-protection-tlr-competition-line,68,5057,1.34%,14.35
https://www.michelinman.com/auto/browse-tires/by-dimension/255/50/19/107/H,68,4956,1.37%,14.08
https://www.michelinman.com/auto/browse-tires/by-dimension/215/55/18,68,4803,1.42%,20.27
https://www.michelinman.com/auto/browse-tires/by-dimension/315/30/22,68,3603,1.89%,10.32
https://www.michelinman.com/auto/browse-tires/by-dimension/235/60/16,68,3579,1.9%,23.33
https://www.michelinman.com/auto/tires/michelin-x-tour-a-s-2?tyreSize=19&bvstate=pg:2/ct:r,68,3109,2.19%,8.14
https://www.michelinman.com/bicycle/bicycle-tubes/bicycle-tubes-road/michelin-airstop-road,68,2977,2.28%,21.77
https://www.michelinman.com/auto/browse-tires/by-dimension/265/50/22,68,2519,2.7%,11.22
https://www.michelinman.com/bicycle/tires/michelin-stargrip,68,770,8.83%,12.66
https://www.michelinman.com/auto/manufacturers/lexus/nx200t,67,4974,1.35%,25.69
https://www.michelinman.com/auto/tires/michelin-pilot-sport-4-s?tyreSize=19&bvstate=pg:2/ct:r,67,4692,1.43%,19.41
https://www.michelinman.com/auto/browse-tires/by-category/luxury-performance-touring,67,4343,1.54%,19.9
https://www.michelinman.com/auto/browse-tires/by-dimension/305/30/19,67,3738,1.79%,13.24
https://www.michelinman.com/auto/browse-tires/by-dimension/245/55/19/103/H,67,3738,1.79%,18.74
https://www.michelinman.com/motorcycle/browse-tires/by-dimension/130/80/18,67,2985,2.24%,11.05
https://www.michelinman.com/auto/browse-tires/by-dimension/295/40/22,67,2752,2.43%,11.61
https://www.michelinman.com/auto/manufacturers/buick/envision,67,2694,2.49%,20.35
https://www.michelinman.com/auto/manufacturers/kia/ev6,67,2409,2.78%,8.82
https://www.michelinman.com/auto/manufacturers/chevrolet/silverado-3500-hd,67,2371,2.83%,15.83
https://www.michelinman.com/bicycle/tires/michelin-protek-max,67,1798,3.73%,19.35
https://www.michelinman.com/auto/browse-tires/by-dimension/285/40/23,67,1755,3.82%,8.77
https://www.michelinman.com/auto/manufacturers/audi/q8,67,1753,3.82%,11.61
https://www.michelinman.com/motorcycle/manufacturers/triumph/bonneville-t120,67,1470,4.56%,15.19
https://www.michelinman.com/auto/auto-tips-and-advice/tire-maintenance/why-important,66,13062,0.51%,24.99
https://www.michelinman.com/auto/manufacturers/hyundai/elantra,66,12930,0.51%,24.69
https://www.michelinman.com/auto/browse-tires/by-dimension/205/55/16/91/H,66,9489,0.7%,19.51
https://www.michelinman.com/motorcycle/browse-tires/by-dimension/120/70/21,66,6726,0.98%,10.04
https://www.michelinman.com/auto/manufacturers/mercedes-benz/e63-amg-s,66,6564,1.01%,54.24
https://www.michelinman.com/auto/car-tire-sizes/15-inch-tires,66,6035,1.09%,13.09
https://www.michelinman.com/auto/browse-tires/by-dimension/255/35/19/96/Y,66,5713,1.16%,15.9
https://www.michelinman.com/auto/manufacturers/jeep/grand-cherokee-l,66,5323,1.24%,18.63
https://www.michelinman.com/auto/manufacturers/lexus/ls460,66,4629,1.43%,26.29
https://www.michelinman.com/auto/browse-tires/by-dimension/285/40/21,66,3924,1.68%,11.31
https://www.michelinman.com/auto/browse-tires/by-dimension/305/40/22,66,3432,1.92%,21.02
https://www.michelinman.com/auto/browse-tires/by-dimension/315/30/19,66,2590,2.55%,8.51
https://www.michelinman.com/bicycle/tires/michelin-pro5-competition-line,66,599,11.02%,7.14
"https://www.michelinman.com/auto/tires/michelin-crossclimate2?cid=PSH_%7CMLN_B2C_Bing_Brand_CC2_Product_Exact_%7CMICROSOFT_%7Cm_%7Ccross 
climate tire_%7Ce_%7C%7C&bvstate=pg:5/ct:r",65,59839,0.11%,17.61
https://www.michelinman.com/auto/dealer-locator/seattle-wa-usa,65,22858,0.28%,15.19
https://www.michelinman.com/auto/manufacturers/chevrolet/cruze,65,9145,0.71%,24.55
https://www.michelinman.com/auto/manufacturers/dodge/durango,65,8504,0.76%,19.09
https://www.michelinman.com/auto/manufacturers/dodge/charger,65,7777,0.84%,24.07
https://www.michelinman.com/auto/manufacturers/toyota/rav4-prime,65,6149,1.06%,16.67
https://www.michelinman.com/auto/manufacturers/hyundai/accent,65,5832,1.11%,24.66
https://www.michelinman.com/auto/browse-tires/by-dimension/275/35/19/100/Y,65,5115,1.27%,13.7
https://www.michelinman.com/auto/browse-tires/by-dimension/335/30/20,65,4154,1.56%,11.7
https://www.michelinman.com/motorcycle/manufacturers/kawasaki/ninja-300/ninja-300,65,4130,1.57%,26.62
https://www.michelinman.com/auto/browse-tires/by-dimension/255/60/20,65,2290,2.84%,12.46
https://www.michelinman.com/auto/dealer-locator/greenville-sc-usa,64,9951,0.64%,18.27
https://www.michelinman.com/auto/browse-tires/by-dimension/295/35/20,64,4549,1.41%,12.07
https://www.michelinman.com/auto/manufacturers/rolls-royce,64,3513,1.82%,22.23
https://www.michelinman.com/auto/browse-tires/by-dimension/205/50/16,64,2734,2.34%,32.04
https://www.michelinman.com/motorcycle/manufacturers/royal-enfield,64,1928,3.32%,19.65
https://www.michelinman.com/auto/manufacturers/polestar,64,1739,3.68%,16.16
https://www.michelinman.com/auto/browse-tires/by-dimension/325/35/23,64,1137,5.63%,10.02
https://www.michelinman.com/auto/auto-tips-and-advice/tire-damage/over-inflated-tires,63,18324,0.34%,13.09
https://www.michelinman.com/bicycle/tips-and-advice/tips-and-advice-bicycle/what-is-grip,63,12184,0.52%,18.21
https://www.michelinman.com/auto/manufacturers/jeep/compass,63,9577,0.66%,15.8
https://www.michelinman.com/auto/manufacturers/nissan/pathfinder,63,7729,0.82%,25.73
https://www.michelinman.com/auto/dealer-locator/watertown/cheney-tire-inc-826244036,63,5302,1.19%,9.85
https://www.michelinman.com/auto/browse-tires/by-dimension/275/40/20/106/Y,63,4581,1.38%,17.55
https://www.michelinman.com/motorcycle/manufacturers/kawasaki/ninja400/ninja400,63,4204,1.5%,9.09
https://www.michelinman.com/auto/manufacturers/ford/bronco-sport,63,3336,1.89%,18.85
https://www.michelinman.com/auto/manufacturers/bmw/m2,63,2271,2.77%,12.76
https://www.michelinman.com/motorcycle/tires/michelin-s83,63,960,6.56%,7.7
https://www.michelinman.com/bicycle/tires/michelin-wild-am2-competition-line,63,933,6.75%,21.52
https://www.michelinman.com/auto/browse-tires/by-dimension/235/45/21,63,852,7.39%,9.47
https://www.michelinman.com/motorcycle/browse-tires/by-dimension/170/80/15,62,10204,0.61%,8.72
https://www.michelinman.com/motorcycle/browse-tires/by-dimension/190/50/17,62,7531,0.82%,8.27
https://www.michelinman.com/motorcycle/browse-tires/by-dimension,62,7237,0.86%,11.16
https://www.michelinman.com/motorcycle/tires/michelin-pilot-road-4-scooter,62,7101,0.87%,27.24
https://www.michelinman.com/auto/manufacturers/mercedes-benz/gl450,62,5023,1.23%,25.97
https://www.michelinman.com/motorcycle/browse-tires/by-dimension/130/70/12,62,5020,1.24%,9.62
https://www.michelinman.com/auto/browse-tires/by-dimension/295/60/20,62,4953,1.25%,17.6
https://www.michelinman.com/auto/browse-tires/by-dimension/325/30/20,62,3489,1.78%,10.88
https://www.michelinman.com/auto/manufacturers/toyota/sequoia,62,3211,1.93%,22.11
https://www.michelinman.com/auto/browse-tires/by-dimension/215/85/16,62,2977,2.08%,20.66
https://www.michelinman.com/auto/manufacturers/lexus/lc500,62,1511,4.1%,18.53
https://www.michelinman.com/auto/auto-tips-and-advice/tire-maintenance/wheel-alignment-wheel-balancing,61,34487,0.18%,50.38
https://www.michelinman.com/auto/auto-tips-and-advice/tire-damage/under-inflated-tires,61,16513,0.37%,12.4
https://www.michelinman.com/auto/manufacturers/volkswagen/jetta,61,8450,0.72%,20.7
https://www.michelinman.com/motorcycle/manufacturers/honda/grom,61,6483,0.94%,13.98
https://www.michelinman.com/motorcycle/browse-tires/by-dimension/90/90/12,61,4548,1.34%,14.76
https://www.michelinman.com/auto/manufacturers/infiniti/qx60,61,4415,1.38%,13.23
https://www.michelinman.com/motorcycle/tires/michelin-desert-race-baja,61,4219,1.45%,26.01
https://www.michelinman.com/auto/browse-tires/by-dimension/265/35/21,61,3223,1.89%,13.1
https://www.michelinman.com/auto/manufacturers/lexus/ls430,61,3087,1.98%,23.5
https://www.michelinman.com/auto/manufacturers/lexus/nx350,61,2371,2.57%,18.35
https://www.michelinman.com/auto/manufacturers/subaru/brz,61,1961,3.11%,17.49
https://www.michelinman.com/bicycle/tires/michelin-force-am2-competition-line,61,580,10.52%,12.01
https://www.michelinman.com/auto/why-michelin/external-michelin-products-and-services,60,154158,0.04%,7.96
https://www.michelinman.com/motorcycle/promotions/summer,60,6898,0.87%,39.71
https://www.michelinman.com/auto/browse-tires/by-dimension/235/40/18/95/Y,60,6796,0.88%,17.3
https://www.michelinman.com/auto/browse-tires/by-dimension/225/50/16,60,5540,1.08%,19.46
https://www.michelinman.com/motorcycle/browse-tires/by-dimension/130/70/13,60,4510,1.33%,10.77
https://www.michelinman.com/auto/tires/michelin-latitude-tour-hp?tyreSize=21&bvstate=pg:2/ct:r,60,3441,1.74%,13.2
https://www.michelinman.com/auto/manufacturers/lincoln/nautilus,60,2217,2.71%,12.14
https://www.michelinman.com/motorcycle/manufacturers/kawasaki/z400,60,2049,2.93%,16.73
https://www.michelinman.com/motorcycle/browse-tires/by-dimension/80/100/12,59,9316,0.63%,11.69
https://www.michelinman.com/motorcycle/browse-tires/by-dimension/90/90/14,59,4989,1.18%,10.7
https://www.michelinman.com/auto/browse-tires/by-dimension/265/35/20,59,4834,1.22%,13.28
https://www.michelinman.com/motorcycle/browse-tires/by-dimension/90/80/17,59,4761,1.24%,7.26
https://www.michelinman.com/auto/browse-tires/by-dimension/295/30/20,59,4541,1.3%,12.28
https://www.michelinman.com/auto/manufacturers/gmc/yukon,59,3890,1.52%,15.23
https://www.michelinman.com/auto/manufacturers/chrysler/town-and-country,59,3831,1.54%,19.07
https://www.michelinman.com/auto/browse-tires/by-dimension/245/50/17,59,3543,1.67%,15.29
https://www.michelinman.com/auto/browse-tires/by-dimension/285/40/19,59,3304,1.79%,10.72
https://www.michelinman.com/motorcycle/manufacturers/honda/adv150/adv150,59,3276,1.8%,12.3
https://www.michelinman.com/motorcycle/manufacturers/honda/rebel-250,59,3054,1.93%,14.16
https://www.michelinman.com/auto/manufacturers/volvo/s60,59,3040,1.94%,13.56
https://www.michelinman.com/auto/browse-tires/by-dimension/255/65/19,59,2135,2.76%,9.95
https://www.michelinman.com/bicycle/bicycle-tubes/bicycle-tubes-road/michelin-aircomp-latex-road,59,1786,3.3%,24.81
https://www.michelinman.com/auto/manufacturers/subaru,58,9914,0.59%,18.94
https://www.michelinman.com/auto/manufacturers/kia/forte,58,5797,1%,18.55
https://www.michelinman.com/motorcycle/browse-tires/by-dimension/110/80/19,58,5426,1.07%,7.63
https://www.michelinman.com/auto/browse-tires/by-dimension/285/45/22/114/H,58,4428,1.31%,15.27
https://www.michelinman.com/motorcycle/motorcycle-tire-sizes/12-inches-tires,58,4345,1.33%,25.82
https://www.michelinman.com/auto/manufacturers/mercedes-benz/cla45-amg,58,4063,1.43%,41.92
https://www.michelinman.com/auto/browse-tires/by-dimension/245/70/16,58,3962,1.46%,26.36
https://www.michelinman.com/auto/manufacturers/ford/f-150-lightning,58,3081,1.88%,14.22
https://www.michelinman.com/motorcycle/browse-tires/by-dimension/3.00/0/18,58,2477,2.34%,10.89
https://www.michelinman.com/auto/dealer-locator/atlanta,57,38641,0.15%,10.68
https://www.michelinman.com/motorcycle/browse-tires/by-dimension/180/60/17,57,26733,0.21%,5.61
https://www.michelinman.com/auto/browse-tires/by-dimension/275/55/20/113/H,57,9081,0.63%,19.93
https://www.michelinman.com/auto/dealer-locator/jupiter/economy-tire-of-jupiter,57,8104,0.7%,23.84
https://www.michelinman.com/auto/manufacturers/dodge/challenger,57,5667,1.01%,21.58
https://www.michelinman.com/classic/tires/michelin-xvs1,57,4397,1.3%,11.8
https://www.michelinman.com/auto/browse-tires/by-dimension/315/30/18,57,4274,1.33%,11.42
https://www.michelinman.com/auto/manufacturers/lincoln/mkz,57,3857,1.48%,27.06
https://www.michelinman.com/auto/manufacturers/nissan/armada,57,2921,1.95%,15.04
https://www.michelinman.com/auto/browse-tires/by-dimension/285/40/20,57,2306,2.47%,12.76
https://www.michelinman.com/motorcycle/find-the-perfect-moto-tire,56,14990,0.37%,10.16
https://www.michelinman.com/auto/tires/michelin-defender-ltx-m-s?tyreSize=15&bvstate=pg:2/ct:r,56,11955,0.47%,18.78
https://www.michelinman.com/motorcycle/browse-tires/by-dimension/90/80/16,56,8236,0.68%,10.68
https://www.michelinman.com/motorsport/motorsport-dealers,56,6717,0.83%,25.73
https://www.michelinman.com/auto/manufacturers/hyundai/kona,56,6101,0.92%,11.58
https://www.michelinman.com/auto/manufacturers/subaru/impreza,56,6041,0.93%,24.1
https://www.michelinman.com/auto/manufacturers/nissan/maxima,56,5886,0.95%,29.65
https://www.michelinman.com/auto/manufacturers/infiniti/q50,56,4638,1.21%,15.58
https://www.michelinman.com/auto/manufacturers/mercedes-benz/glk350,56,4214,1.33%,22.5
https://www.michelinman.com/auto/browse-tires/by-dimension/295/35/19,56,4074,1.37%,10.13
https://www.michelinman.com/auto/browse-tires/by-dimension/295/40/21,56,3561,1.57%,13.2
https://www.michelinman.com/motorcycle/browse-tires/by-dimension/140/70/14,56,3185,1.76%,11.4
https://www.michelinman.com/auto/browse-tires/by-dimension/255/55/20/110/V,56,3128,1.79%,14.5
https://www.michelinman.com/auto/manufacturers/buick/lacrosse,56,2712,2.06%,16.49
https://www.michelinman.com/auto/manufacturers/infiniti/qx50,56,2692,2.08%,13.27
https://www.michelinman.com/auto/why-michelin/technological-innovations,56,2633,2.13%,20.89
https://www.michelinman.com/motorcycle/manufacturers/ktm/390-duke/390-duke,56,1961,2.86%,25.85
https://www.michelinman.com/motorcycle/why-michelin/motorsport/dakar-rally,56,703,7.97%,16.1
https://www.michelinman.com/auto/manufacturers/porsche/panamera,55,4705,1.17%,8.47
https://www.michelinman.com/auto/manufacturers/nissan/frontier,55,4394,1.25%,20.78
https://www.michelinman.com/auto/browse-tires/by-dimension/245/45/19/102/Y,55,3758,1.46%,17.89
https://www.michelinman.com/auto/manufacturers/kia/stinger,55,3293,1.67%,16.86
https://www.michelinman.com/auto/manufacturers/audi/a3,55,2379,2.31%,15.34
https://www.michelinman.com/auto/dealer-locator/chicago,54,48230,0.11%,8.93
https://www.michelinman.com/auto/auto-tips-and-advice/tire-damage/flat-tire,54,14148,0.38%,35.37
https://www.michelinman.com/auto/browse-tires/by-dimension/235/65/18/106/H,54,8480,0.64%,15.89
https://www.michelinman.com/motorcycle/browse-tires/by-dimension/120/70/19,54,7482,0.72%,8.77
https://www.michelinman.com/auto/auto-tips-and-advice/tire-damage/tire-wear-damage,54,5511,0.98%,32.4
https://www.michelinman.com/auto/browse-tires/by-dimension/325/30/19,54,3412,1.58%,12.5
https://www.michelinman.com/auto/browse-tires/by-dimension/295/30/19,54,2821,1.91%,12.31
https://www.michelinman.com/auto/browse-tires/by-dimension/285/35/21,54,2706,2%,14.31
https://www.michelinman.com/auto/browse-tires/by-dimension/235/40/20,54,2676,2.02%,11.94
https://www.michelinman.com/bicycle/tires/michelin-jet-xc2-racing-line,54,2401,2.25%,16.18
https://www.michelinman.com/motorsport/tires/michelin-pilot-sport-gt-l,54,1291,4.18%,13.63
https://www.michelinman.com/motorcycle/browse-tires/by-category/cruiser-custom,53,33168,0.16%,12.86
https://www.michelinman.com/auto/browse-tires/by-dimension/265/70/17/121/R,53,7054,0.75%,20.75
https://www.michelinman.com/auto/browse-tires/by-dimension/175/65/15,53,4476,1.18%,22.79
https://www.michelinman.com/auto/manufacturers/hyundai/palisade,53,3630,1.46%,11.6
https://www.michelinman.com/auto/browse-tires/by-dimension/245/60/17,53,3452,1.54%,9.1
https://www.michelinman.com/auto/browse-tires/by-dimension/245/35/21,53,2066,2.57%,12.88
https://www.michelinman.com/bicycle/tires/michelin-dh16-racing-line,53,1026,5.17%,7.58
https://www.michelinman.com/auto/manufacturers/mercedes-benz/gls580,53,714,7.42%,8.72
https://www.michelinman.com/motorcycle/manufacturers/yamaha/yzf-r6/yzf-r6,52,6942,0.75%,22.97
https://www.michelinman.com/auto/manufacturers/cadillac/cts,52,6347,0.82%,25.62
https://www.michelinman.com/auto/browse-tires/by-dimension/225/65/16,52,6333,0.82%,18.98
https://www.michelinman.com/auto/browse-tires/by-dimension/255/40/19/100/Y,52,5483,0.95%,11.49
https://www.michelinman.com/auto/manufacturers/kia/k5,52,4586,1.13%,10.96
https://www.michelinman.com/auto/browse-tires/by-dimension/225/40/19/93/Y,52,4522,1.15%,13.17
https://www.michelinman.com/auto/browse-tires/by-dimension/285/60/18,52,2970,1.75%,15.38
https://www.michelinman.com/motorcycle/manufacturers/indian,52,2395,2.17%,11.87
https://www.michelinman.com/classic/tires/michelin-classic-pilot-exalto-pe2-vintage,52,2097,2.48%,17.41
https://www.michelinman.com/auto/browse-tires/by-dimension/225/50/17/98/H,51,5445,0.94%,13.75
https://www.michelinman.com/motorcycle/manufacturers/harley-davidson/flhx-street-glide/flhx-street-glide,51,4760,1.07%,17.34
https://www.michelinman.com/motorcycle/browse-tires/by-dimension/190/60/17,51,3752,1.36%,4.84
https://www.michelinman.com/auto/browse-tires/by-dimension/215/50/18,51,3107,1.64%,13.87
https://www.michelinman.com/motorcycle/manufacturers/yamaha/x-max-300/x-max-300,51,2840,1.8%,13.31
https://www.michelinman.com/auto/car-tire-sizes/24-inch-tires,51,2772,1.84%,16.18
https://www.michelinman.com/auto/auto-tips-and-advice/tires-101,51,2722,1.87%,8.82
https://www.michelinman.com/auto/auto-tips-and-advice/tire-pressure/bmw,51,2460,2.07%,22.52
https://www.michelinman.com/motorcycle/manufacturers/triumph,51,2388,2.14%,30.73
https://www.michelinman.com/motorcycle/browse-tires/by-dimension/130/90/17,51,2279,2.24%,12.09
https://www.michelinman.com/auto/tires/michelin-defender-ltx-m-s?tyreSize=18&amp;bvstate=pg:7/ct:r,51,2200,2.32%,3.48
https://www.michelinman.com/auto/browse-tires/by-dimension/305/40/20,51,1497,3.41%,20.17
https://www.michelinman.com/auto/manufacturers/chevrolet/malibu,50,9767,0.51%,31.25
https://www.michelinman.com/auto/manufacturers/ford/focus,50,8468,0.59%,35.34
https://www.michelinman.com/bicycle/technologies-bicycle/michelin-technologies-for-mtb-tires,50,5501,0.91%,14.12
https://www.michelinman.com/auto/browse-tires/by-dimension/205/45/16,50,5497,0.91%,16.94
https://www.michelinman.com/auto/browse-tires/by-dimension/245/35/18,50,4896,1.02%,16.86
https://www.michelinman.com/auto/manufacturers/lexus/ct200h,50,4558,1.1%,28.58
https://www.michelinman.com/auto/manufacturers/ford/transit-350,50,4160,1.2%,12.64
https://www.michelinman.com/bicycle/tires/michelin-e-wild-rear,50,2279,2.19%,18.7
https://www.michelinman.com/motorcycle/wet-weather-test-michelin-commander-iii,50,2107,2.37%,25.67
https://www.michelinman.com/auto/manufacturers/lexus/ls500,50,1736,2.88%,36.1
https://www.michelinman.com/motorcycle/browse-tires/by-dimension/120/80/16,49,8650,0.57%,11.39
https://www.michelinman.com/motorcycle/browse-tires/by-dimension/90/100/14,49,8471,0.58%,9.22