Requêtes les plus fréquentes,Clics,Impressions,CTR,Position
michelin tires,54833,345693,15.86%,1.46
michelin,32857,642834,5.11%,5.7
michelin crossclimate 2,11024,144221,7.64%,3.79
michelin pilot sport 4s,7015,72104,9.73%,3.56
michelin defender 2,5536,71683,7.72%,3.35
michelin wiper blades,5397,23096,23.37%,2.66
michelin defender,5038,49725,10.13%,2.18
michelin tire rebate,3931,11103,35.4%,4.01
michelin pilot sport all season 4,3527,35063,10.06%,2.11
michelin motorcycle tires,2838,10207,27.8%,1.54
michelin rebate,2819,8012,35.18%,4.33
michelin cross climate 2,2802,30425,9.21%,3.76
michelin tire,2538,22606,11.23%,1.93
michelin defender ltx m/s2,2364,25889,9.13%,1.86
michelin primacy tour a/s,2282,17066,13.37%,2.13
michelin defender ltx m/s,2227,24917,8.94%,3.2
xwx,2200,96637,2.28%,4.28
michelin windshield wipers,2183,8250,26.46%,1.88
michelin crossclimate2,2060,23843,8.64%,3.08
michellin,1995,43028,4.64%,5.26
michelin primacy,1769,20660,8.56%,5.08
michelin defender ltx,1760,19370,9.09%,3.5
michelin tire warranty,1747,5163,33.84%,1.57
michelin road 6,1637,20945,7.82%,6.18
michelin ltx at2,1597,13992,11.41%,1.92
michelin tyres,1495,32736,4.57%,9.1
pilot sport 4s,1490,18727,7.96%,4.47
michelin primacy mxm4,1399,13619,10.27%,3.16
michelin cross climate,1395,16925,8.24%,4.15
michelin wipers,1375,4243,32.41%,3.91
michelin x-ice snow,1365,20776,6.57%,5.81
crossclimate 2,1352,18511,7.3%,5.24
michelin usa,1313,3168,41.45%,1.05
cross climate 2 tires,1196,12852,9.31%,1.75
michelin tires near me,1182,26262,4.5%,3.65
cross climate 2,1170,15147,7.72%,4.33
michelin wiper blade guide,1143,1675,68.24%,1.11
michelin pilot sport,1112,18741,5.93%,7.38
michellin tires,1075,6860,15.67%,1.75
michelin premier ltx,1068,9099,11.74%,2.48
michelin defender ltx platinum,1014,6483,15.64%,1.96
michelin tire rebates,1010,2171,46.52%,1.64
michelin ltx trail,1009,7910,12.76%,4.18
michelin all season tires,973,11716,8.3%,3.55
michelin road 5,971,14488,6.7%,6.43
michelin rebates,953,3029,31.46%,1.56
michelin power 6,937,9189,10.2%,6.6
michelin x ice,930,13022,7.14%,6.11
michelin man,910,296617,0.31%,5.9
michelin defender t+h,900,5803,15.51%,2.88
michelin warranty,899,2100,42.81%,1.49
michelin primacy ltx,896,6199,14.45%,1.79
michelin crossclimate,857,15190,5.64%,11.65
michelin wiper blades size chart,852,3980,21.41%,4.66
michelin bike tires,849,2605,32.59%,1.76
michelin pilot sport cup 2,825,13169,6.26%,7.42
michelin pilot sport 4,824,19675,4.19%,11.8
michelin latitude tour hp,823,10325,7.97%,5.25
michelin pilot sport 5,806,16664,4.84%,12.65
michelin tires rebate,806,2098,38.42%,2.21
michelin pilot super sport,799,11266,7.09%,6.55
michilin,720,9287,7.75%,4.43
pilot sport all season 4,710,7359,9.65%,2.09
michelin tire rebates 2024,691,2043,33.82%,1.3
michelin all terrain tires,690,6837,10.09%,1.53
michelin ltx m/s2,676,6050,11.17%,2.45
michelin primacy a/s,670,5034,13.31%,4.62
michelin agilis crossclimate,650,8229,7.9%,4.55
michelin winter tires,640,9241,6.93%,5.01
michelin tire sale,625,4665,13.4%,2.76
michelin anakee adventure,623,9168,6.8%,6.4
michelinman,613,3893,15.75%,1.3
michelin energy saver a/s,604,4407,13.71%,2.59
michelin ltx,579,8610,6.72%,3.96
michelin tire registration,579,945,61.27%,1.44
michelin pilot alpin 5,573,11786,4.86%,8.87
michelin defender tires,571,9684,5.9%,3.15
michelin x ice snow,543,10273,5.29%,8.13
michelin snow tires,532,6216,8.56%,4.05
michelin x ice snow tires,525,4301,12.21%,3.84
michelin mtb tires,518,1694,30.58%,2.19
michelin wiper blade size chart,514,898,57.24%,1.6
michelin pilot street 2,504,11518,4.38%,5.91
michelinman.com register tires,498,762,65.35%,1.07
michilin tires,489,2829,17.29%,1.69
michelin shoes,467,2584,18.07%,1.97
michelin pilot sport all season,466,5730,8.13%,3.59
michelin - crossclimate2,464,7202,6.44%,3.48
michelin ltx a/t2,455,3520,12.93%,3.83
michelin primacy all season,451,3094,14.58%,2.86
michelin.com,439,3402,12.9%,3.35
michelin promise plan,433,1115,38.83%,1.65
michelin tire deals,429,3117,13.76%,4.24
michelin run flat tires,427,2617,16.32%,2.17
michelin ev tires,423,3203,13.21%,6.35
micheline,422,9091,4.64%,5.67
michelin defender ltx ms,418,4921,8.49%,3.08
michelin defender2,406,4948,8.21%,3.75
michelin cup 2,403,7710,5.23%,7.25
michilen,403,3984,10.12%,3.04
michelin city grip 2,395,6684,5.91%,6.56
michelin pilot sport ev,395,5540,7.13%,7.29
crossclimate2,395,4697,8.41%,3.54
michelin ps4s,392,8372,4.68%,5.52
michelin premier a/s,378,2780,13.6%,3.36
micheline tires,370,2374,15.59%,1.77
michelin defenders,369,4255,8.67%,3.09
self sealing tires,359,2471,14.53%,1.28
michelin rebates 2024,357,1493,23.91%,2.07
michelin sport 4s,354,3702,9.56%,3.2
michelin anakee wild,351,5962,5.89%,7.12
michelin - pilot sport all season 4,351,4933,7.12%,1.75
michelin cross climate tires,338,3537,9.56%,1.68
michelin tires warranty,331,1121,29.53%,1.46
motorcycle tires,328,29848,1.1%,9.2
michelen,320,5802,5.52%,4.11
michelin defender 2 tires,317,4295,7.38%,2.18
michelin defender platinum,317,1648,19.24%,1.23
pilot sport cup 2,316,4960,6.37%,5.66
ev tires,309,7431,4.16%,4.66
michelin pilot sport 4 suv,309,5984,5.16%,8.99
michelin wiper blades guide,309,477,64.78%,1.26
michelin pilot alpin pa4,307,4227,7.26%,5.51
michelin commander 3,307,3855,7.96%,3.21
michelin bicycle tires,301,847,35.54%,2.01
xzx,294,81778,0.36%,6.16
crossclimate 2 tires,294,3992,7.36%,2.61
michelin x tour a/s 2,292,1932,15.11%,4.06
michellen,288,3863,7.46%,3.68
michelin wiper,288,1083,26.59%,2.23
michelin pilot sport a/s 4,286,2625,10.9%,3.41
michelen tires,284,2138,13.28%,1.69
register michelin tires,283,432,65.51%,1.22
michilen tires,282,1580,17.85%,1.38
tires michelin,278,4491,6.19%,2.23
michelin alpin 5,277,5136,5.39%,10.66
defender ltx m/s2,274,2862,9.57%,1.81
pilot sport 5,273,5428,5.03%,13.25
michelin tires on sale,268,3919,6.84%,4.33
michelin at2,268,2756,9.72%,2.41
michelin latitude sport 3,265,5674,4.67%,10.47
michelin x-ice,265,3135,8.45%,9.07
michelin truck tires,262,6508,4.03%,3.45
defender ltx platinum,259,1273,20.35%,1.25
michelin pilot sport as4,255,3365,7.58%,3.39
all season tires,253,43944,0.58%,11.63
michelin primacy xc,250,2595,9.63%,4.3
michelin ltx platinum,250,1301,19.22%,2.68
michelin defender ltx ms2,247,2940,8.4%,2.4
primacy mxm4,247,2626,9.41%,3.08
michlin tires,247,1815,13.61%,1.65
michelin all weather tires,246,5378,4.57%,5.66
michelin guardian wiper blades,243,7137,3.4%,7.39
michelin motorcycle tyres,243,3217,7.55%,6.03
michelin defender ltx m/s 2,243,2646,9.18%,2.34
michelin latitude,242,4790,5.05%,8.68
michelin mxm4,238,2335,10.19%,7.91
michelin us,238,545,43.67%,1.26
michelin x-ice snow suv,236,2725,8.66%,6.48
michlin,235,3460,6.79%,5.73
michelin - defender ltx m/s2,235,2630,8.94%,2.08
michellin tire,234,2646,8.84%,1.77
michellen tires,227,1743,13.02%,1.57
michelin ltx ms2,226,2400,9.42%,2.86
michelin road 6 gt,225,2659,8.46%,6.36
michelin windshield wipers size,222,536,41.42%,1.62
defender 2 tires,220,2273,9.68%,1.6
defender ltx m/s,219,2503,8.75%,3.09
michelin tires crossclimate 2,218,2216,9.84%,1.68
michelin at tires,218,1928,11.31%,2.46
michelin cup 2 r,217,3222,6.73%,6.29
michelin climate 2,215,3666,5.86%,4.14
michelin primacy tires,215,2969,7.24%,2.52
michelin customer service,215,2004,10.73%,1.47
michelin light truck tires,215,1725,12.46%,2.05
car tires,212,50122,0.42%,10.84
what size tires fit my car,211,8532,2.47%,3.71
michelin power 5,209,3582,5.83%,7.47
michelin pilot power 2ct,208,3928,5.3%,10.67
cup 2 tires,208,2972,7%,2.4
michelin tyre,207,20148,1.03%,7.09
michelin tire rebate coupons,207,709,29.2%,1.58
michelin pilot sport 4 s,206,5438,3.79%,11.4
michelin ps5,205,7241,2.83%,8.07
michelin mail in rebate,205,875,23.43%,3.92
michelin dealer locator,204,857,23.8%,1.82
michelin pilot alpin,203,3438,5.9%,9.59
when does michelin offer rebates,203,948,21.41%,1.71
michelin primacy as,202,1677,12.05%,2.26
michelin pilot sport 4 all season,201,1690,11.89%,2.49
michelin register tires,201,338,59.47%,1.49
michelin pilot sport 4s all season,195,2301,8.47%,2.49
michelin pilot sport cup 2 r,194,2878,6.74%,4.31
pilot super sport,193,2949,6.54%,8.28
tire rebates,192,4752,4.04%,5.71
michelin primacy tour,191,1713,11.15%,2.25
michelin rebates 2025,191,325,58.77%,1.48
tesla model 3 tires,190,7396,2.57%,5.51
www.michelinman,188,486,38.68%,1.08
michelin wiper blade lookup,188,238,78.99%,1
michelin latitude tour,187,3834,4.88%,6.65
michelin pilot sport a/s 3+,187,1263,14.81%,1.99
michelin - defender2,186,3353,5.55%,3.03
pilot sport 4,185,4850,3.81%,14.24
primacy tour a/s,184,1597,11.52%,2.43
michelin anakee,183,3282,5.58%,6.72
michelin cc2,183,1993,9.18%,2.07
michelin x lt a/s,183,1093,16.74%,3.6
defender 2,181,4854,3.73%,5.39
motorcycle tire size chart,181,3731,4.85%,3.11
michelin tire rebate 2024,181,1000,18.1%,6.47
michelin tires usa,180,434,41.47%,1
michelin road 6 tires,177,1946,9.1%,1.55
michelin warranty registration,176,310,56.77%,1.56
agilis crossclimate,175,2178,8.03%,4.63
michelin road hazard warranty,175,493,35.5%,1.68
michelin ps4,174,5451,3.19%,8.29
best michelin tires,174,4476,3.89%,5.18
michelin self sealing tires,174,474,36.71%,1.42
michelin sport cup 2,173,3392,5.1%,7.76
michelin anakee road,173,2160,8.01%,6.71
michelin crossclimate 2 warranty,173,483,35.82%,1.86
anakee adventure,172,3207,5.36%,6.24
tires,171,205884,0.08%,37.96
wiper blade size finder,171,10569,1.62%,3.74
michelin rebate 2024,171,1339,12.77%,5.71
michelin tire promotions,170,1130,15.04%,1.4
michelin mtb,170,611,27.82%,6.18
michelin pilot street radial,169,2356,7.17%,6.31
michelin pilot,167,4133,4.04%,8.95
michelin cross climate 2 tires,166,2062,8.05%,2.14
michelin wiper blade,165,650,25.38%,1.91
michelin defender 2 rebate,165,259,63.71%,1.08
michelin power cup,163,2347,6.95%,8.32
michelin tires motorcycle,163,1244,13.1%,2.77
michelin super sport,162,2803,5.78%,6.65
llantas michelin,161,9067,1.78%,8.32
michelin as4,160,1271,12.59%,1.82
michelin defender 2 warranty,160,365,43.84%,1.33
michelin wiper blade size finder,160,197,81.22%,1.03
michelin platinum,158,790,20%,1.15
michelin energy saver,157,5924,2.65%,13.27
michelin tire coupons,157,1827,8.59%,5.41
michelin tire pressure chart,157,505,31.09%,2.41
michelinman.com,157,320,49.06%,1
pilot alpin 5,155,2682,5.78%,8.19
michelin wipers size chart,155,360,43.06%,1.51
michelin pilot 4s,154,1953,7.89%,3.74
michelin tired,154,1050,14.67%,1.56
michelin wiper guide,151,218,69.27%,1.07
michelan tires,150,1106,13.56%,1.82
michelin wiper blade size,150,672,22.32%,2.32
michalin,149,1472,10.12%,4.39
michelin tire usa,147,205,71.71%,1
michlen,143,3650,3.92%,5.51
michelin website,143,1261,11.34%,3.29
michelin tire comparison,143,402,35.57%,1.41
michelin tire warranty registration,143,262,54.58%,1.53
michelin bike tyres,141,3167,4.45%,7.86
235/45r18 michelin,141,2386,5.91%,3
michalin tires,141,1088,12.96%,1.36
michelin dirt bike tires,140,533,26.27%,1.4
cc2 tires,139,1266,10.98%,1.62
michelin wiper blades size,139,762,18.24%,2.56
michelin crossclimate 2 rebate,139,261,53.26%,1.72
ps4s,136,5801,2.34%,5.14
www michelinman com registertires,136,258,52.71%,1.02
michelin radial x,135,1910,7.07%,3.42
michelin road classic,135,1533,8.81%,9.66
michillen,134,1378,9.72%,2.62
michelin pilot all season 4,133,1467,9.07%,2.27
michelin tire company,133,1354,9.82%,3.2
michelin warranty claim,133,428,31.07%,1.23
michelin ice x,132,1978,6.67%,3.85
michelin promotions,132,637,20.72%,4.44
michelin - primacy tour a/s,131,1249,10.49%,1.61
tire michelin,130,3083,4.22%,2.62
michelin 225/65r17,130,1875,6.93%,5.33
michelin ltx a/t 2,130,1038,12.52%,2.74
michelinman register tires,130,190,68.42%,1.12
michelin bib mousse,129,795,16.23%,7.64
michelin tire discount,129,380,33.95%,1.27
michelin - x-ice snow,128,2946,4.34%,7.93
michelin pilot sport 5s,128,1738,7.36%,6.41
ps4 tires,128,1301,9.84%,3
what tires fit my car,126,4286,2.94%,4.55
michelin power cup 2,126,2618,4.81%,10.74
michelin - x tour a/s 2,126,1042,12.09%,4.26
michelin tire finder,126,311,40.51%,1.2
michelin tire rebate 2025,126,266,47.37%,1.5
michelinman warranty,126,169,74.56%,1
michelin tire discounts,125,340,36.76%,1.08
michelin xlt as,124,1040,11.92%,2.69
what size windshield wipers do i need,123,46162,0.27%,5.69
michelin commander 2,122,2335,5.22%,3.08
michelin scorcher 31,122,1305,9.35%,5.73
michilan,122,1239,9.85%,2.62
compare michelin tires,122,456,26.75%,1.29
michelin rebate center,122,367,33.24%,2.55
michelin bike,121,661,18.31%,4.99
tire speed rating chart,119,53642,0.22%,7.44
supermoto tires,119,3956,3.01%,4.25
michelin all season,118,4747,2.49%,9.6
michelin agilis,118,2447,4.82%,18.71
michelin classic tires,118,258,45.74%,1.3
michelinman com register tires,118,158,74.68%,1.02
michelin pilot road 6,117,2992,3.91%,8.71
michelin anakee 3,117,1883,6.21%,7.64
ltx at2,117,1473,7.94%,1.95
michelin x tour a/s,117,508,23.03%,3.05
michelin rebate form,117,247,47.37%,1.58
crossclimate,116,3550,3.27%,16.33
michelin north america,116,2660,4.36%,3
michelin 4s,116,1528,7.59%,4.82
michelin acoustic tires,116,328,35.37%,1.13
michelin alpin pa4,115,1332,8.63%,4.19
michelin tire dealers near me,115,1247,9.22%,2.79
michelin power gravel,115,1229,9.36%,11.24
michelin defender t + h,115,795,14.47%,1.58
michelin 235/45r18,114,1406,8.11%,4.14
michelin ps4s tires,114,845,13.49%,1.9
tesla tires,113,14657,0.77%,9.64
michelin sport all season 4,113,1587,7.12%,1.92
michelin roadside assistance,113,408,27.7%,1.88
michelin tires rebates,113,240,47.08%,1.23
pilot sport as4,112,2041,5.49%,3.5
michellin rebate,112,225,49.78%,3.84
tesla model y tires,111,7748,1.43%,8.29
michelin pilot sport ps2,111,1989,5.58%,8.05
find tire size,111,1945,5.71%,4.01
michilan tires,111,679,16.35%,1.18
michlen tires,110,706,15.58%,1.56
road 6,109,2602,4.19%,6.35
michelins,109,2248,4.85%,4.17
michelin enduro medium,109,1637,6.66%,19.28
michelin greenville sc,109,1228,8.88%,2.25
michelin primacy tour as,109,1067,10.22%,1.88
michelin - primacy mxm4,109,1042,10.46%,1.57
michelin windshield wipers size chart,109,188,57.98%,1.13
michelin pilot alpin 5 suv,108,2360,4.58%,8.61
michelin.com tires,108,290,37.24%,1.14
road 6 michelin,107,1297,8.25%,6.4
michelin summer tires,107,1173,9.12%,2.4
michilin tire,107,948,11.29%,1.64
compare tires,106,6406,1.65%,6.1
michelin primacy mxv4,106,5224,2.03%,10.12
tire wear bars,106,4051,2.62%,5.46
michelin crossclimate 3,106,1899,5.58%,6.28
defender ltx,106,1736,6.11%,3.5
michelin wheels,105,3300,3.18%,3.75
michelin ltx ms,104,1618,6.43%,3.99
michelin track connect,104,319,32.6%,3.45
michelin defender rebate,103,217,47.47%,1.85
michelin defender 2 review,102,8815,1.16%,9.11
225/65r17 michelin,102,1874,5.44%,3.92
michelin all season 4,102,1671,6.1%,2.92
michelin pilot sport as 4,102,1412,7.22%,2.67
michelin performance tires,102,848,12.03%,2.17
michelin x tour,102,724,14.09%,3.91
michelin motorcycle,102,378,26.98%,2.4
pilot sport,101,3420,2.95%,8.94
michelin ice x snow,101,1264,7.99%,6.92
michelin tire sales,101,709,14.25%,2.94
michelin black friday,101,662,15.26%,5.53
michelin sale,101,476,21.22%,3.64
https //www.michelinman. com/auto/assistance/warranty,101,130,77.69%,1
michelin motorcycle tire rebate,100,180,55.56%,1.23
www.michelinman.com/registertires,99,133,74.44%,1
www michelinman com register tires,99,107,92.52%,1.01
michelin enduro medium 2,98,546,17.95%,5.76
pilot street 2,97,1963,4.94%,5.76
michelin suv tires,97,1320,7.35%,3.1
michelin ltx m/s,97,1191,8.14%,6.59
michelin premier,97,833,11.64%,2.66
tire load rating,96,3368,2.85%,4.78
pilot sport 4 suv,96,1875,5.12%,8.4
michelin 235/55r19,96,1386,6.93%,5.2
michelin mtb tyres,96,961,9.99%,6.82
michelin tores,96,473,20.3%,1.37
michelin gravel tires,96,261,36.78%,1.61
michelin pilot sport s 5,95,1263,7.52%,4.98
michelin defender warranty,95,551,17.24%,1.17
michelin moto,95,525,18.1%,16.09
michelin tire rebate form,95,350,27.14%,2.59
tire tread depth chart,94,13440,0.7%,7.64
michelin near me,94,2675,3.51%,6.31
michelin sport tires,94,1460,6.44%,2.27
cup 2 r,94,1258,7.47%,4.83
pilot sport all season,94,1189,7.91%,2.77
michelin road 4,94,1167,8.05%,10.34
michelin tire selector,94,278,33.81%,1.58
michelin tire warranty claim,94,245,38.37%,1.38
michellin wipers,94,206,45.63%,1.36
michelin primacy 3,93,5210,1.79%,21.28
michelin tires defender 2,93,867,10.73%,1.79
275/60r20 michelin,92,1223,7.52%,2.23
defender ltx ms2,92,742,12.4%,2.87
michelin pilot sport 4s warranty,92,328,28.05%,1.23
michelin tires.com,92,161,57.14%,1.06
tire load rating chart,91,14231,0.64%,7.35
米其林,91,7580,1.2%,7.64
cross climate,91,2835,3.21%,7.26
michelin crossclimate 2 sizes,91,371,24.53%,2.36
upcoming michelin tire rebates,91,279,32.62%,1.51
pilot alpin pa4,90,1724,5.22%,4.96
cross climate tires,90,1538,5.85%,2.91
275/55r20 michelin,89,2253,3.95%,2.34
michelin mountain bike tires,89,318,27.99%,2.9
michelintires,89,276,32.25%,1.31
ltx ms2,88,1090,8.07%,1.98
defender 2 michelin,88,949,9.27%,1.93
michelin starcross 6,88,819,10.74%,8.91
michellin tire rebate,88,166,53.01%,3.09
michillin,87,1600,5.44%,4.18
pilot sport 5s,87,1250,6.96%,7.1
michelin cup 2 tires,87,963,9.03%,1.48
michelin tire specials,87,364,23.9%,1.26
michelin coupons,87,247,35.22%,1.7
michelinman.com rebate,87,123,70.73%,1
michelin wild enduro,86,1481,5.81%,14.96
235/65r18 michelin,86,1473,5.84%,1.96
best michelin tires for suv,86,1061,8.11%,2.65
michelin pilot sport 3,85,3867,2.2%,13.28
quietest michelin tires,85,305,27.87%,1.2
tires near me,84,55524,0.15%,38.89
michelin - primacy all season,84,922,9.11%,1.39
ltx trail,84,922,9.11%,5.28
michelin 225/60r18,84,814,10.32%,3.51
michelin products,84,385,21.82%,2.51
michelin tires black friday,84,383,21.93%,2.17
michelin selfseal,84,287,29.27%,3.17
michelin pilot sport all season 4 warranty,84,139,60.43%,1.12
michelin llantas,83,1807,4.59%,7.45
michelin 275/55r20,83,1625,5.11%,2.21
235/55r20 michelin,83,1504,5.52%,1.98
michelin defender 2 cuv,83,943,8.8%,1.99
michelin car tires,83,903,9.19%,2.38
michelin mileage warranty,83,252,32.94%,2.4
https://www.michelinman.com/registertires,83,104,79.81%,1
tire deals,82,9367,0.88%,15.75
ice tires,82,3477,2.36%,3.41
michelin city extra,82,2851,2.88%,9.19
michelin alpin,82,1872,4.38%,19.44
michelin ltx at,82,1043,7.86%,1.74
micheline tire,82,936,8.76%,1.82
michelin footwear,82,440,18.64%,4.03
#michelinpower,82,290,28.28%,1.68
michelin tire guide,82,179,45.81%,1
fast monkey wheels,81,3953,2.05%,8.32
michelin guardian+ beam wiper blades,81,2261,3.58%,7.67
pilot sport 4 s,81,1522,5.32%,10.73
michelin dealers near me,81,1296,6.25%,4.3
crossclimate tires,81,1220,6.64%,2.54
michelin pilot sport 4s temperature range,81,1085,7.47%,8
michelin atx lt2,81,989,8.19%,1.34
michelin scooter tires,81,376,21.54%,1.88
michelin defender t&h,81,357,22.69%,1.71
primacy ltx,81,242,33.47%,1.73
michelin treadwear warranty,81,182,44.51%,1.34
tire dealers near me,80,12923,0.62%,10.19
tire rating chart,80,8168,0.98%,7.42
michelin commander 3 touring,80,809,9.89%,2.6
michelin defender ltx at2,80,781,10.24%,1.42
michellin defender,80,764,10.47%,2.5
michelin tires sale,80,718,11.14%,2.79
michelin xwx,80,520,15.38%,3.9
michelin flat tire assistance,80,323,24.77%,2.99
michelin deals,80,255,31.37%,1.74
www.michelinman.com/auto/assistance/warranty,80,108,74.07%,1
how to find tire size,79,7312,1.08%,3.21
xwx tires 2,79,2176,3.63%,3.97
michelin pilot sport tires,79,1420,5.56%,3.84
road 6 tires,79,1031,7.66%,1.78
primacy all season,79,569,13.88%,3.93
michelin discount,79,262,30.15%,2.17
anakee wild,78,1805,4.32%,9.48
michelin tires defender,78,1630,4.79%,3.72
michelin defender tire,78,1572,4.96%,3.01
235/40r19 michelin,78,1167,6.68%,1.89
michelin defender ms2,78,471,16.56%,1.83
michelline tires,78,414,18.84%,1.67
best tires for tesla model y,77,3327,2.31%,6.31
latitude tour hp,77,1356,5.68%,7.14
all season michelin tires,77,1176,6.55%,2.53
michellin cross climate 2,77,729,10.56%,2.93
michelin tire pressure recommendations,77,223,34.53%,1.73
tire rotation pattern,76,14732,0.52%,5.8
michelin pilot road 4,76,2860,2.66%,12.43
michelin x ice tires,76,1531,4.96%,12.03
michelin 265/60r18,76,1184,6.42%,4.21
anakee road,76,619,12.28%,5
michellin cross climate,76,439,17.31%,2.36
black friday michelin tires,76,411,18.49%,2.64
pilot sport ev,75,1367,5.49%,7.81
michelin ms2,75,902,8.31%,1.91
michelle tires,75,590,12.71%,1.65
tire size for my car,74,2425,3.05%,5.18
michelin tires all season,74,2374,3.12%,8.99
215/55r17 michelin,74,1761,4.2%,5.05
michelin primacy mxm4 zp,74,809,9.15%,1.99
michelin - x lt a/s 2,74,337,21.96%,1.66
tire maintenance tips,73,3623,2.01%,6.5
bib mousse,73,900,8.11%,5.65
michelin cross climate2,73,847,8.62%,3.39
michelin lt tires,73,748,9.76%,2.22
michelin tires registration,73,123,59.35%,1.24
michelinman.com/registertires,73,93,78.49%,1
discount tire,72,460272,0.02%,8.73
find my tire size,72,1912,3.77%,6.94
how long do michelin tires last,72,1466,4.91%,1.66
michelin pilot cup 2,72,1298,5.55%,5.8
michelin wiper blades size chart costco,72,1049,6.86%,5.67
pilot sport a/s 4,72,490,14.69%,3.58
michelin xlt a/s,72,365,19.73%,2.87
michelin discounts,72,137,52.55%,1.3
235/60r18 michelin,71,2116,3.36%,4.9
michiline,71,971,7.31%,4.32
michelin pilot sport all season 5,71,758,9.37%,2.11
michelin tire date code,71,651,10.91%,2.44
michelin tire dot code lookup,71,575,12.35%,3.15
michelin ltx defender,71,562,12.63%,3.13
www.michelin tires.com,71,211,33.65%,1.22
michelin windshield wiper,71,171,41.52%,1.23
tire rotation,70,273542,0.03%,8.74
michelin pilot sport cup,70,2616,2.68%,8.89
michelin pilot road 5,70,1814,3.86%,9.31
235/55r19 michelin,70,1284,5.45%,6.03
x ice tires,70,660,10.61%,2.32
michelin x lt a/s 2,70,241,29.05%,1.46
michelin crossclimate 2 review,69,6376,1.08%,11.57
ps4s tires,69,3138,2.2%,4.63
michelin 215/55r17,69,1470,4.69%,7.65
michelin 245/60r18,69,1072,6.44%,2.51
michelin pilot sport 4s tires,69,741,9.31%,1.46
michelin tires pilot sport 4s,69,707,9.76%,1.58
michelin road w gt,69,476,14.5%,5.47
michillen tires,69,443,15.58%,1.34
michelin motorcycle tire,69,386,17.88%,1.57
xwx tires,68,2087,3.26%,2.86
michelin all terrain,68,1285,5.29%,3.71
265/65r18 michelin,68,1207,5.63%,2.34
michelin crossclimate 2 tires,68,795,8.55%,1.98
michillin tires,68,295,23.05%,1.39
michelin tire black friday sale,68,228,29.82%,2.35
michelin enduro tires,68,219,31.05%,1.92
michelin pilot sport a/s,67,694,9.65%,7.25
michellin defender 2,67,648,10.34%,3.03
michelin tire pressure,67,164,40.85%,2.23
wiper blade size chart michelin,67,128,52.34%,4.17
pilot sport cup 2 r,66,1130,5.84%,3.51
michelin defender ltx platinum review,66,968,6.82%,6.81
michelin mousse,66,462,14.29%,6.04
michelin quiet tires,66,405,16.3%,1.07
michelin window wipers,66,242,27.27%,3.73
michelin supermoto tires,66,197,33.5%,1.92
michelin primacy 4,65,6385,1.02%,38.43
x ice snow,65,1787,3.64%,5.48
michelin scorcher,65,1032,6.3%,5.72
michelin at,65,914,7.11%,3.89
michelin crossclimate tires,65,879,7.39%,1.48
michelin pilot sport as,65,866,7.51%,2.51
michelincrossclimate2,65,533,12.2%,1.51
michelin tyre warranty,65,492,13.21%,3.49
michelin pilot sport 2,64,1298,4.93%,10.06
michelin 235/55r20,64,730,8.77%,2.09
245/55r19 michelin,64,686,9.33%,2.93
when do michelin tires go on sale,64,164,39.02%,1.8
2024 michelin winter promotion,64,144,44.44%,1.26
michelin guardian+ beam wiper blades fit guide,64,90,71.11%,1.46
tire,63,23322,0.27%,27.53
tires for tesla model 3,63,2707,2.33%,4.87
tires for tesla model y,63,1460,4.32%,4.82
pilot 4s,63,748,8.42%,2.9
michelin road bike tires,63,250,25.2%,1.71
michelin pilot sport 4s sizes,63,178,35.39%,1.84
michelin tires promotion,63,167,37.72%,1.32
https www michelinman com register tires,63,84,75%,1.01
275/45r21,62,4538,1.37%,8.42
tire sidewall damage,62,4110,1.51%,7.57
defender tires,62,2419,2.56%,3.68
245/60r18 michelin,62,1418,4.37%,2.63
how to choose tires,62,1353,4.58%,5.04
michelin warranty phone number,62,684,9.06%,1.47
michellen tire,62,662,9.37%,1.62
michelin 245/50r20,62,598,10.37%,1.73
pilot sport 4 all season,62,446,13.9%,2.34
michelin com,62,310,20%,3.19
michelin date code,62,282,21.99%,2.6
michelin tires deals,62,280,22.14%,1.69
michelin acoustic,62,248,25%,4.37
michelin tire rebates 2025,62,118,52.54%,1.47
255/55r20,61,10730,0.57%,9.56
michelin tires prices,61,5028,1.21%,9.47
ev winter tires,61,1275,4.78%,5.23
michelin xice,61,949,6.43%,10.64
defender ltx m/s 2,61,815,7.48%,2.82
michelin 275/60r20,61,762,8.01%,2.2
michelin north america headquarters,61,438,13.93%,8.36
michelon tires,61,309,19.74%,1.27
michelin windshield wiper blades,61,275,22.18%,3.09
michelin tire sizes,61,212,28.77%,1.25
tire shop near me,60,68674,0.09%,22.69
michelin pilot power,60,1616,3.71%,17.35
michelin dot code,60,984,6.1%,4.81
crossclimate 3,60,927,6.47%,8.11
245/50r20 michelin,60,865,6.94%,2.13
michelin ice x tires,60,520,11.54%,2.86
michelin xlt,60,358,16.76%,2.89
michelin white wall tires,60,187,32.09%,1.07
tire registration michelin,60,94,63.83%,1.13
michelin city grip,59,2062,2.86%,12.07
michelin pilot tires,59,1320,4.47%,3.17
pilot power 2ct,59,978,6.03%,9.44
michelin 255/55r20,59,659,8.95%,1.84
michelin country rock,59,654,9.02%,6.61
michelin power adventure,59,437,13.5%,7.4
michelein,59,346,17.05%,4.7
michelin tires coupons,59,157,37.58%,1.43
michelin enduro 2,59,148,39.86%,2.77
michelin blades,59,142,41.55%,1.65
michellin usa,59,76,77.63%,1
michelin pilot street,58,4923,1.18%,11.07
best michelin all season tires,58,1114,5.21%,2.15
michelin pilot all season,58,637,9.11%,2.68
michelin guardian wiper blades size chart,58,202,28.71%,2.2
michelin accessories,58,145,40%,6.7
power 6,57,2161,2.64%,5.77
michelin power cup tlr,57,950,6%,8.26
puncture resistant tires,57,569,10.02%,2.84
michelin power gp2,57,519,10.98%,6.09
micheln,57,485,11.75%,7.19
michelin bicycle tyres,57,331,17.22%,4.19
michelin xlt as2,57,253,22.53%,2.61
ltx m/s2,57,204,27.94%,1.49
michelin tire recall,57,128,44.53%,1.28
www.michelinman.com rebate,57,83,68.67%,1
michelin ltx trail review,56,1424,3.93%,6.09
michelin power gp 2,56,619,9.05%,5.95
michelin tesla tires,56,437,12.81%,1.14
michelin dealer near me,56,400,14%,4.08
michelin pilot sport all season 4 zp,56,374,14.97%,2.59
michelin mx tires,56,167,33.53%,1.46
michelin coupon,56,140,40%,1.38
michelin promise plan registration,56,65,86.15%,1.06
tire load index,55,14548,0.38%,9.6
235/40r19,55,12163,0.45%,10.23
michelin man tires,55,809,6.8%,2.96
michelin starcross 5,55,704,7.81%,9.96
michelin defender th,55,515,10.68%,1.6
michelin - latitude tour hp,55,491,11.2%,1.61
michelin tire warranty phone number,55,263,20.91%,1.36
michelin total performance,54,2420,2.23%,7.65
265/60r18 michelin,54,1299,4.16%,3.69
michelin store,54,760,7.11%,4.52
michelin 235/40r19,54,491,11%,1.82
michelin crossclimate2 tire,54,351,15.38%,1.79
primacy a/s,54,335,16.12%,2.83
tesla michelin tires,54,237,22.78%,1.49
michelin. tires,54,234,23.08%,1.46
michelin defender 2 as,54,216,25%,1.26
michellin wiper blades,54,119,45.38%,3.45
michelin rebate 2025,54,112,48.21%,2.16
michelin wiper blades chart,54,107,50.47%,1.48
michelin tires comparison,54,104,51.92%,1.46
285/45r22 tires,53,8359,0.63%,7.71
michelin 265/65r18,53,909,5.83%,2.54
michelin energy saver tires,53,749,7.08%,3.58
255/55r20 michelin,53,531,9.98%,2
michelin radial x tubeless,53,497,10.66%,2.76
michelin primacy ltx reviews,53,418,12.68%,2.96
x ice snow tires,53,401,13.22%,5.36
275/50r22 michelin,53,378,14.02%,1.71
michelin - defender t + h,53,361,14.68%,2.76
michelin tures,53,201,26.37%,2.81
micheln tires,53,161,32.92%,1.42
current michelin tire rebates,53,97,54.64%,1.08
michelin windshield wiper size,53,92,57.61%,1.6
winter tires,52,19965,0.26%,17
mishelin,52,3235,1.61%,6.22
michlein,52,1173,4.43%,6.25
primacy tires,52,944,5.51%,2.31
mxm4 tires,52,513,10.14%,1.34
wiper michelin,52,328,15.85%,4.27
climate 2 tires,52,308,16.88%,1.88
bicycle tire sizes conversion charts,52,300,17.33%,1.56
pilot sport a/s 3+,52,267,19.48%,2.01
michelin black friday sale,52,213,24.41%,2.54
michelin official website,52,150,34.67%,2.33
michelin wiper size,52,141,36.88%,2.86
michellin tire warranty,52,103,50.49%,1.4
michelin primacy warranty,52,94,55.32%,1.38
michelin moto tires,52,89,58.43%,1.36
michelin tire dot registration,52,64,81.25%,1.58
current tire rebates 2024,51,945,5.4%,7.48
225/60r18 michelin,51,913,5.59%,5.51
michelin ps4 all season,51,823,6.2%,2.54
michelin 235/65r18,51,713,7.15%,2.33
anakee 3,51,681,7.49%,10.63
michellin pilot sport 4s,51,608,8.39%,2.53
michelin desert race,51,473,10.78%,9.48
michelin winter tire rebate,51,315,16.19%,6.77
tire size calculator by vehicle,51,231,22.08%,4.71
michiline tires,51,200,25.5%,1.31
michelin x tour as,51,152,33.55%,2.41
235/55r19,50,8683,0.58%,12.31
michel tire,50,2491,2.01%,8.21
michelin power,50,2374,2.11%,7.66
classic car tires,50,910,5.49%,6.13
michelin x ice snow suv,50,907,5.51%,9
michelin tire dealer near me,50,275,18.18%,2.65
michelin x snow tires,50,182,27.47%,1.94
michelin pilot sport all season 4 temperature range,50,180,27.78%,3.37
michelin wipers size,50,88,56.82%,1.62
285/45r22,49,11923,0.41%,10.53
michelin pilot sport cup 2 connect,49,627,7.81%,6.17
michelin 195/65r15,49,531,9.23%,6.69
michelin pilot as4,49,271,18.08%,2.26
michelin tire brands,49,228,21.49%,1.53
michelin global,49,173,28.32%,2.94
michelin radial x 235/40r19,49,167,29.34%,1.14
michelin crossclimate 2 tire pressure chart,49,147,33.33%,2.62
michelin authorized dealer,49,121,40.5%,2.48
michelin bike tire,49,110,44.55%,1.56
michelin tire rotation,49,108,45.37%,2
www.michelinman.com,49,93,52.69%,1
michelin tyre warranty registration,49,59,83.05%,1.81
wiper blades size finder,48,4146,1.16%,5.43
x-ice snow,48,1852,2.59%,8.66
tire wear indicator,48,1690,2.84%,7.67
michelin power gp,48,946,5.07%,12.71
michelin pilot sport suv,48,618,7.77%,7.49
michelin x-ice snow tires,48,372,12.9%,5.18
pilot sport 4s all season,48,282,17.02%,1.72
michilen tire,48,278,17.27%,1.53
x-ice tires,48,244,19.67%,2.93
motorcycle tyre,48,196,24.49%,20.38
michelin crossclimate2 tires,48,182,26.37%,1.36
michelin mousse chart,48,102,47.06%,1.31
michelin usa tires,48,74,64.86%,1.01
michelin 60 day satisfaction guarantee,48,65,73.85%,1.2
michelin primacy mxm4 235/45r18,47,1041,4.51%,4.36
city grip 2,47,1030,4.56%,6.65
michelin cross climate two,47,720,6.53%,1.27
michelin 275/65r20,47,701,6.7%,2.89
ev snow tires,47,660,7.12%,2.78
pilot street 2 michelin,47,548,8.58%,4.28
michelen tire,47,462,10.17%,1.66
power 6 michelin,47,454,10.35%,6.15
michelin promotion,47,416,11.3%,11.73
michelin store near me,47,346,13.58%,4.33
michelin - pilot sport 4 s,47,337,13.95%,1.72
michelin defender2 details,47,243,19.34%,1.13
run flat tires michelin,47,164,28.66%,2.92
michelin trx tires,47,152,30.92%,2.01
michelin tires discount,47,127,37.01%,1.72
michilin rebate,47,63,74.6%,1.73
minimum tire tread depth,46,4011,1.15%,3.62
michelin 205/55r16,46,1109,4.15%,10
michelin latitude alpin la2,46,1065,4.32%,9.49
michelin touring tires,46,1001,4.6%,2.47
michelin 275/65r18,46,835,5.51%,2.39
235/55r18 michelin,46,785,5.86%,4.91
michelin all weather,46,402,11.44%,4.21
michelin crossclimate 2 tread depth,46,335,13.73%,2.95
michelin pilot super sports,46,298,15.44%,4.22
michelin tires customer service,46,181,25.41%,1.41
michelin .com,46,151,30.46%,3.62
michelin x tour a/s t+h,46,104,44.23%,1.19
michelinman.com/auto/assistance/warranty,46,55,83.64%,1
michelin defender ltx m/s2 review,45,2342,1.92%,8.77
michelin primacy tour a/s review,45,1553,2.9%,6.17
michelin pilot sports,45,898,5.01%,6.52
225/60r17 michelin,45,711,6.33%,5.65
michelin x,45,709,6.35%,6.97
michelin dual sport tires,45,382,11.78%,2.21
michelin scorcher 11,45,345,13.04%,8.66
michelin - energy saver a/s,45,269,16.73%,1.69
255/65r18 michelin,45,226,19.91%,2.17
michlien,45,219,20.55%,3.29
michelen defender,45,177,25.42%,1.59
deals on michelin tires,45,165,27.27%,1.82
rebates on michelin tires,45,117,38.46%,1.35
110 70 x 12 michelin,45,92,48.91%,3.7
michelin goldwing tires,45,75,60%,1.52
michelin satisfaction guarantee,45,58,77.59%,1.34
michelin tire promotion,44,875,5.03%,8.1
michelin cup2,44,334,13.17%,6.45
michelin defender 2 tire,44,285,15.44%,1.9
best michelin tires all-season,44,256,17.19%,2.5
michelin defender ii,44,245,17.96%,1.72
michelin - ltx a/t2,44,228,19.3%,1.52
michelin black friday deals,44,165,26.67%,2.73
when does michelin offer rebates 2024,44,153,28.76%,2.18
michelin defender ltx ms 2,44,152,28.95%,2.58
windshield wipers michelin,44,141,31.21%,1.62
michelin tires for tesla model y,44,115,38.26%,1.08
michilin tire rebate,44,60,73.33%,2.3
michelin wiper blade finder,44,50,88%,1.02
how often should you rotate your tires,43,13763,0.31%,6.08
275/50r22,43,6976,0.62%,9.02
michelin pilot sport 4 as,43,464,9.27%,2.04
porsche macan tires,43,394,10.91%,2.54
michalen,43,393,10.94%,2.96
michelin primacy tire,43,328,13.11%,1.74
michelin 4 season tires,43,271,15.87%,3.36
michilin defender,43,215,20%,1.7
215/55r17,42,13784,0.3%,14.3
how to check tire size,42,7498,0.56%,6.69
265/45r21,42,2413,1.74%,7.1
michelin latitude sport,42,1549,2.71%,12.51
michelin sport,42,1447,2.9%,7.42
pilot sport tires,42,1243,3.38%,3.21
michelin pilot exalto pe2,42,1009,4.16%,15.24
225/50r17 michelin,42,854,4.92%,6.43
muchelin,42,812,5.17%,6.24
265/70r17 michelin,42,670,6.27%,2.67
michelin 285/45r22,42,662,6.34%,2.08
michelin dh22,42,363,11.57%,6.77
pilot sport cup 2 connect,42,343,12.24%,5.08
michelin pilot sport 4 s xl,42,326,12.88%,2.17
michlin tire,42,322,13.04%,1.58
michelin power cup evo,42,303,13.86%,11.36
michelin snow and ice tires,42,208,20.19%,1.99
michelin cross.climate 2,42,160,26.25%,2.93
michelin bmx tires,42,94,44.68%,1.23
michelin speed rating,42,71,59.15%,1.93
米其林轮胎美国官网,42,69,60.87%,1
discount tires,41,128653,0.03%,14.76
235/55r20,41,5442,0.75%,13.1
bike tire size chart,41,1448,2.83%,1.67
what is my tire size,41,1208,3.39%,3.59
michelin 235/60r18,41,908,4.52%,6.78
mxm4,41,844,4.86%,2.59
mochelin,41,808,5.07%,6.49
michelin pilot sport s5,41,541,7.58%,7
245/45r20 michelin,41,439,9.34%,4.32
michelin defenders 2,41,290,14.14%,1.79
michelin high performance tires,41,256,16.02%,3.01
michellin primacy,41,253,16.21%,3.47
michelin black friday 2024,41,201,20.4%,3.88
michellin crossclimate 2,41,188,21.81%,2.58
michelin adventure tires,41,187,21.93%,2.05
self-sealing tires,41,133,30.83%,1.18
michelin acoustic technology,41,127,32.28%,2.64
defender platinum,41,122,33.61%,1.34
michelin tire dealer,41,111,36.94%,2.21
michlein tires,41,109,37.61%,1.14
michelin rebates december 2024,41,98,41.84%,1.3
michelin pilot sport 4s specs,41,77,53.25%,1.74
michelin tires catalog,41,66,62.12%,1.32
load rating on tires,40,5330,0.75%,6.38
michelin x-ice xi3,40,1243,3.22%,6.42
285/45r22 michelin,40,1036,3.86%,2.03
michelin ltx trail 265/70r18,40,670,5.97%,5.68
michelin run flat,40,664,6.02%,8.36
crossclimate michelin,40,574,6.97%,13.32
255/50r20 michelin,40,534,7.49%,2.04
michelin commander,40,523,7.65%,7.52
275/70r18 michelin,40,361,11.08%,1.94
michelin cross climates,40,273,14.65%,4.87
michelin defender tire warranty,40,254,15.75%,1.27
michelin tires primacy,40,252,15.87%,2.3
michelin ltx a/t,40,198,20.2%,9.04
michilin defender 2,40,194,20.62%,2.48
michelin bib mousse chart,40,120,33.33%,1.73
rebate on michelin tires,40,119,33.61%,2
michelin ltx defender platinum,40,104,38.46%,1.62
michelin winter promotion,40,85,47.06%,1.41
michelin wiper finder,40,45,88.89%,1.11
michelin crossclimate 2 price,39,2575,1.51%,6.26
michelin crossclimate 2 suv,39,1315,2.97%,12.19
pilot road 6,39,965,4.04%,11.39
michellan,39,955,4.08%,5.13
michelin cross,39,887,4.4%,6.23
premier ltx,39,746,5.23%,5.01
275/65r18 michelin,39,702,5.56%,2.34
235/65r17 michelin,39,505,7.72%,5.93
michelin primacy all season review,39,346,11.27%,4.84
255/40r19 michelin,39,303,12.87%,3.87
michelin 265/50r20,39,237,16.46%,2.96
road 6 gt,39,224,17.41%,5.54
michelin crossclimate2 details,39,198,19.7%,1.91
michelien,39,187,20.86%,3.48
michelin defender tire pressure chart,39,179,21.79%,2.73
michelin cc2 tires,39,164,23.78%,1.06
michelin 235/75r15,39,144,27.08%,1.74
michelin primacy mxm4 t1,39,128,30.47%,1.62
what does michelin tire warranty cover,39,88,44.32%,1.35
michelin bicycle,39,88,44.32%,2.95
michelin tites,39,83,46.99%,1.31
michelin tires website,39,81,48.15%,1.17
what size michelin wiper blades,39,58,67.24%,1.24
michelin windshield wiper guide,39,46,84.78%,1.02
tire load index chart,38,7691,0.49%,8.45
tire load ratings,38,2557,1.49%,6.63
michelin sport pilot 4,38,1371,2.77%,16.15
sport cup 2,38,829,4.58%,3.96
latitude sport 3,38,801,4.74%,11.85
michelin pilot sport as 3,38,743,5.11%,5.24
michelin tires 225/65r17,38,488,7.79%,2.23
michelin pa4,38,255,14.9%,4.97
michelin premier as,38,251,15.14%,7.25
ltx trail michelin,38,237,16.03%,4.15
michelin pilot sport s,38,200,19%,6.16
michelin pilot sport all season 4s,38,160,23.75%,1.73
michelin moto tyres,38,153,24.84%,3.44
michelin track connect kit,38,132,28.79%,5.2
self sealing tire,38,128,29.69%,1.3
primacy xc,38,113,33.63%,2.79
michelin connect,38,112,33.93%,5.44
michelin tires mtb,38,100,38%,2.74
michelin guardian beam wiper blades size chart,38,79,48.1%,2.23
michelin wiper blade chart,38,48,79.17%,1.19
micelin,37,1065,3.47%,6.65
michelin pilot 4,37,858,4.31%,10.67
michelin pilot super sport tires,37,616,6.01%,2.17
michelin primacy xc 275/65r18,37,520,7.12%,5.63
michelin pilot alpin 4,37,404,9.16%,7.34
michelin xice snow,37,282,13.12%,8.01
wiper blades michelin,37,214,17.29%,5.01
michelin primacy all-season,37,180,20.56%,1.83
michelin pilot cup 2 r,37,154,24.03%,4.38
michelin - agilis crossclimate,37,136,27.21%,1.46
mitchelin tires,37,136,27.21%,1.62
michellin defender ltx,37,135,27.41%,1.83
self healing tires,37,121,30.58%,1.44
michelin track tires,37,119,31.09%,1.24
michelin tires bike,37,91,40.66%,2.14
michelin noise cancelling tires,37,88,42.05%,1.26
michelin winter rebate,37,69,53.62%,3.01
michelin primacy mxm4 warranty,37,65,56.92%,1.51
town fair tire,36,139875,0.03%,6.78
tire specials,36,3711,0.97%,10.53
michelin ps5s,36,873,4.12%,7.64
michelin mud and snow tires,36,664,5.42%,3.24
michelin.,36,580,6.21%,6.3
pilot sport as 4,36,522,6.9%,2.74
pilot sport ps2,36,427,8.43%,9.03
michelin starcross,36,426,8.45%,13.85
michelin power 2ct,36,292,12.33%,11.01
235/40 r18 michelin,36,259,13.9%,2.51
michelin trx,36,195,18.46%,4.77
michelin tires black friday 2024,36,184,19.57%,3.36
michelin phone number,36,178,20.22%,1.58
michelan tire,36,162,22.22%,1.35
michelin sport cup 2 r,36,158,22.78%,3.78
michelin defender tread depth,36,133,27.07%,2.45
michelin defender ltx 2,36,123,29.27%,1.51
defender t+h,36,108,33.33%,1.48
michelin xtour a/s 2,36,102,35.29%,1.79
michelin pilot sport 5 all season,36,101,35.64%,2.14
michelin - pilot sport 4 suv,36,97,37.11%,2.08
michelein tires,36,94,38.3%,1.14
michelin trail ltx,36,81,44.44%,2.48
michelin guardian wiper blades size guide,36,58,62.07%,1.98
wiper blade size chart,35,11210,0.31%,9.67
summer tires,35,9556,0.37%,9.56
wiper blade finder,35,5426,0.65%,4.69
defender2,35,1847,1.89%,3.78
michelin headquarters,35,1009,3.47%,5.81
michelin street pilot 2,35,846,4.14%,6.37
michelin pilot road,35,710,4.93%,18.46
tire symbols meaning,35,475,7.37%,3.98
michelin primacy tour tires,35,392,8.93%,1.37
michelin xzx,35,353,9.92%,3.6
michelin customer service phone number,35,319,10.97%,1.27
235/40 r19 michelin,35,316,11.08%,1.92
porsche cayenne tires,35,278,12.59%,3.02
michelin tyre pressures chart,35,228,15.35%,5.16
michelin - defender ltx m/s,35,207,16.91%,2.69
michellin x ice,35,151,23.18%,5.91
michilen defender,35,136,25.74%,1.83
michelin tire age limit,35,128,27.34%,1.99
michelin power 6 mileage,35,123,28.46%,2.71
michelin defender at2,35,114,30.7%,1.15
michelin agilis crossclimate dt,35,114,30.7%,1.34
self seal tires,35,104,33.65%,1.21
michelin promo code,35,94,37.23%,3.04
michelin crossclimate 2 mileage warranty,35,85,41.18%,1.21
rebate michelin tires,35,72,48.61%,2.68
michelin mxv3-a,35,70,50%,1.44
michelin manufacturer warranty,35,69,50.72%,1.48
michelin cycling tires,35,68,51.47%,1.69
michelin tire wear indicator,35,67,52.24%,1.99
michelin vintage tires,35,65,53.85%,1.72
bike tire conversion chart,35,62,56.45%,1.03
michelin 130/70 r18,35,60,58.33%,2.03
michelin consumer care,35,59,59.32%,1.12
michelin man.com,35,57,61.4%,1.11
michelin tire claim,35,45,77.78%,1.49
speed rating on tires,34,20635,0.16%,7.98
michelim,34,1188,2.86%,6.32
bmw x7 tires,34,661,5.14%,4.61
where to buy michelin tires,34,523,6.5%,5.13
micheling,34,496,6.85%,4.81
225/40 r18 michelin,34,388,8.76%,8
michellin pilot sport,34,350,9.71%,8.6
tire symbols,34,333,10.21%,4.99
pilot alpin,34,281,12.1%,16.01
michelin 285/70r17,34,164,20.73%,2.18