Pages les plus populaires,Clics,Impressions,CTR,Position
https://www.michelinman.com/auto/manufacturers/tesla/model-y,1928,114949,1.68%,11.27
https://www.michelinman.com/auto/manufacturers/tesla/model-3,1434,103885,1.38%,14.74
https://www.michelinman.com/auto/manufacturers/toyota/rav4,963,72245,1.33%,13.18
https://www.michelinman.com/auto/manufacturers/tesla,922,68787,1.34%,21.49
https://www.michelinman.com/auto/manufacturers/lexus/rx350,631,27413,2.3%,10.55
https://www.michelinman.com/auto/manufacturers/honda/cr-v,628,40048,1.57%,19.56
https://www.michelinman.com/auto/manufacturers/honda/accord,577,50975,1.13%,19.75
https://www.michelinman.com/auto/manufacturers/toyota/camry,559,59156,0.94%,21.35
https://www.michelinman.com/auto/manufacturers/lexus/es350,537,22720,2.36%,12.08
https://www.michelinman.com/auto/manufacturers/toyota/highlander,440,32523,1.35%,12.4
https://www.michelinman.com/auto/manufacturers/mercedes-benz/gle53-amg,375,7812,4.8%,20.2
https://www.michelinman.com/auto/manufacturers/toyota/corolla,343,33817,1.01%,23.81
https://www.michelinman.com/auto/manufacturers/honda/civic,336,51150,0.66%,32.7
https://www.michelinman.com/auto/manufacturers/porsche/macan,326,11625,2.8%,7.95
https://www.michelinman.com/auto/manufacturers/toyota,318,38941,0.82%,9.48
https://www.michelinman.com/auto/manufacturers/bmw,310,36285,0.85%,13.88
https://www.michelinman.com/auto/manufacturers/tesla/model-s,305,45357,0.67%,12.42
https://www.michelinman.com/auto/manufacturers/mercedes-benz,305,29090,1.05%,13.75
https://www.michelinman.com/auto/manufacturers/bmw/x5,305,24877,1.23%,18.77
https://www.michelinman.com/auto/manufacturers/bmw/x3,300,25441,1.18%,13
https://www.michelinman.com/auto/manufacturers/honda/hr-v,300,14612,2.05%,11.52
https://www.michelinman.com/auto/manufacturers/porsche,289,14097,2.05%,10.47
https://www.michelinman.com/auto/manufacturers/ford/f-150,276,21693,1.27%,24.38
https://www.michelinman.com/auto/manufacturers/cadillac/xt5,271,8922,3.04%,14.07
https://www.michelinman.com/auto/manufacturers/jeep/grand-cherokee,266,27137,0.98%,22.84
https://www.michelinman.com/auto/manufacturers/audi/q5,251,13339,1.88%,13.18
https://www.michelinman.com/auto/manufacturers/chevrolet/corvette,250,10556,2.37%,16.24
https://www.michelinman.com/auto/manufacturers/porsche/cayenne,242,10759,2.25%,9.06
https://www.michelinman.com/auto/manufacturers/honda/pilot,241,20071,1.2%,17.32
https://www.michelinman.com/auto/manufacturers/acura/rdx,240,11345,2.12%,13.68
https://www.michelinman.com/auto/manufacturers/hyundai/ioniq-5,239,6437,3.71%,9.04
https://www.michelinman.com/auto/manufacturers/lexus/gx460,234,11646,2.01%,12.28
https://www.michelinman.com/auto/manufacturers/lexus/rx450h,228,9666,2.36%,20.85
https://www.michelinman.com/auto/manufacturers/honda/odyssey,227,24707,0.92%,15.48
https://www.michelinman.com/auto/manufacturers/mazda/cx-5,221,16141,1.37%,16.3
https://www.michelinman.com/auto/manufacturers/hyundai/tucson,220,14157,1.55%,14.71
https://www.michelinman.com/auto/manufacturers/chevrolet/equinox,217,14095,1.54%,18.3
https://www.michelinman.com/auto/manufacturers/subaru/forester,213,17327,1.23%,16.45
https://www.michelinman.com/auto/manufacturers/ford/explorer,209,16777,1.25%,18.43
https://www.michelinman.com/auto/manufacturers/ford/edge,203,13927,1.46%,21.96
https://www.michelinman.com/auto/manufacturers/mercedes-benz/glc300,199,10199,1.95%,11.33
https://www.michelinman.com/auto/manufacturers/mercedes-benz/gls450,199,6433,3.09%,13.22
https://www.michelinman.com/auto/manufacturers/toyota/4runner,197,26705,0.74%,12.87
https://www.michelinman.com/auto/manufacturers,193,33532,0.58%,26.08
https://www.michelinman.com/auto/manufacturers/volvo/xc90,193,10973,1.76%,18.96
https://www.michelinman.com/auto/manufacturers/honda/ridgeline,193,9941,1.94%,11.16
https://www.michelinman.com/motorcycle/manufacturers/harley-davidson,192,19688,0.98%,14.25
https://www.michelinman.com/auto/manufacturers/nissan/rogue,191,19245,0.99%,22.13
https://www.michelinman.com/auto/manufacturers/subaru/outback,190,15327,1.24%,18.52
https://www.michelinman.com/auto/manufacturers/mercedes-benz/gle350,189,8155,2.32%,13.08
https://www.michelinman.com/auto/manufacturers/bmw/x7,189,5990,3.16%,9.97
https://www.michelinman.com/auto/manufacturers/toyota/sienna,187,18004,1.04%,18.1
https://www.michelinman.com/auto/manufacturers/toyota/prius,187,16260,1.15%,17.2
https://www.michelinman.com/auto/manufacturers/ford/f-250-super-duty,187,11435,1.64%,19.44
https://www.michelinman.com/auto/manufacturers/ford/escape,186,32058,0.58%,37.42
https://www.michelinman.com/auto/manufacturers/acura/mdx,178,13656,1.3%,16.34
https://www.michelinman.com/auto/manufacturers/mercedes-benz/gla250,178,6512,2.73%,18.77
https://www.michelinman.com/auto/manufacturers/honda,175,35462,0.49%,12.96
https://www.michelinman.com/auto/manufacturers/genesis/gv80,172,3360,5.12%,9.3
https://www.michelinman.com/auto/manufacturers/genesis/gv70,171,2983,5.73%,11.3
https://www.michelinman.com/auto/manufacturers/mercedes-benz/gle63-amg-s,170,4122,4.12%,22.25
https://www.michelinman.com/auto/manufacturers/chevrolet/bolt-ev,169,10367,1.63%,27.49
https://www.michelinman.com/auto/manufacturers/subaru/crosstrek,168,11059,1.52%,12.43
https://www.michelinman.com/auto/manufacturers/porsche/911,168,7078,2.37%,11.82
https://www.michelinman.com/motorcycle/manufacturers/honda/gl-1800-a-goldwing,166,2775,5.98%,19.51
https://www.michelinman.com/motorcycle/manufacturers,165,65345,0.25%,9.78
https://www.michelinman.com/auto/manufacturers/volvo/xc60,165,6544,2.52%,10.64
https://www.michelinman.com/auto/manufacturers/kia/telluride,162,10585,1.53%,10.08
https://www.michelinman.com/auto/manufacturers/hyundai/elantra-n,159,3776,4.21%,13.66
https://www.michelinman.com/auto/manufacturers/ford/mustang,156,13327,1.17%,14.72
https://www.michelinman.com/auto/manufacturers/toyota/gr86,156,10995,1.42%,7.42
https://www.michelinman.com/auto/manufacturers/lexus/es300h,155,6598,2.35%,15.76
https://www.michelinman.com/auto/manufacturers/lexus,152,18279,0.83%,12.01
https://www.michelinman.com/auto/manufacturers/audi,152,12971,1.17%,10.55
https://www.michelinman.com/auto/manufacturers/chevrolet/silverado-1500,150,17973,0.83%,30.67
https://www.michelinman.com/auto/manufacturers/subaru/ascent,150,7149,2.1%,9.22
https://www.michelinman.com/auto/manufacturers/bmw/m340i,149,3290,4.53%,11.43
https://www.michelinman.com/auto/manufacturers/volvo/xc40,146,3093,4.72%,14.52
https://www.michelinman.com/auto/manufacturers/honda/fit,143,15837,0.9%,12.51
https://www.michelinman.com/auto/manufacturers/ford/mustang-mach-e,143,6376,2.24%,19.41
https://www.michelinman.com/auto/manufacturers/mercedes-benz/e350,141,9013,1.56%,19
https://www.michelinman.com/auto/manufacturers/bmw/m3,139,6452,2.15%,10.24
https://www.michelinman.com/auto/manufacturers/mercedes-benz/c300,137,16289,0.84%,17.28
https://www.michelinman.com/auto/manufacturers/toyota/tacoma,136,18054,0.75%,24.26
https://www.michelinman.com/motorcycle/manufacturers/honda/click-i-125-special-edition,136,5415,2.51%,9.5
https://www.michelinman.com/auto/manufacturers/tesla/model-x,133,36362,0.37%,12.87
https://www.michelinman.com/auto/manufacturers/kia/sportage,133,7491,1.78%,17.31
https://www.michelinman.com/auto/manufacturers/toyota/avalon,132,8801,1.5%,23
https://www.michelinman.com/auto/manufacturers/bmw/330i,132,6811,1.94%,11.03
https://www.michelinman.com/auto/manufacturers/toyota/gr-supra,132,3743,3.53%,10.29
https://www.michelinman.com/auto/manufacturers/cadillac/xt6,131,3503,3.74%,17.66
https://www.michelinman.com/auto/manufacturers/rivian,127,4223,3.01%,21.31
https://www.michelinman.com/auto/manufacturers/genesis/g70,127,3068,4.14%,15.55
https://www.michelinman.com/auto/manufacturers/ford/f-350-super-duty,125,6721,1.86%,14.59
https://www.michelinman.com/auto/manufacturers/chevrolet/blazer,123,4489,2.74%,11.95
https://www.michelinman.com/auto/manufacturers/bmw/m4,122,4361,2.8%,12.76
https://www.michelinman.com/auto/manufacturers/mercedes-benz/glb250,122,3924,3.11%,10.03
https://www.michelinman.com/auto/manufacturers/mercedes-benz/g63-amg,120,4183,2.87%,24.97
https://www.michelinman.com/auto/manufacturers/chevrolet/silverado-2500-hd,119,6958,1.71%,23.43
https://www.michelinman.com/motorcycle/manufacturers/honda,116,10816,1.07%,13.16
https://www.michelinman.com/auto/manufacturers/chevrolet/tahoe,116,9692,1.2%,19.26
https://www.michelinman.com/auto/manufacturers/lexus/nx300,114,5805,1.96%,13.52
https://www.michelinman.com/auto/manufacturers/toyota/venza,114,5028,2.27%,14.88
https://www.michelinman.com/auto/manufacturers/honda/passport,112,9417,1.19%,8.06
https://www.michelinman.com/auto/manufacturers/chevrolet/camaro,112,8662,1.29%,19.28
https://www.michelinman.com/auto/manufacturers/land-rover/defender-110,111,3676,3.02%,24.6
https://www.michelinman.com/auto/manufacturers/ford/fusion,110,11656,0.94%,32.45
https://www.michelinman.com/auto/manufacturers/bmw/ix,106,2639,4.02%,14.08
https://www.michelinman.com/auto/manufacturers/toyota/land-cruiser,105,4305,2.44%,11.55
https://www.michelinman.com/auto/manufacturers/mercedes-benz/eqs-450,105,1448,7.25%,14.11
https://www.michelinman.com/auto/manufacturers/toyota/tundra,104,12298,0.85%,20.36
https://www.michelinman.com/auto/manufacturers/cadillac/ct5,102,4121,2.48%,36.53
https://www.michelinman.com/auto/manufacturers/jeep/wrangler,101,22546,0.45%,28.35
https://www.michelinman.com/auto/manufacturers/volkswagen/id.4,101,4984,2.03%,13.41
https://www.michelinman.com/auto/manufacturers/buick/enclave,98,5781,1.7%,13.06
https://www.michelinman.com/motorcycle/manufacturers/kawasaki/ninja-650,98,3971,2.47%,17.67
https://www.michelinman.com/auto/manufacturers/mercedes-benz/gle450,98,3039,3.22%,15.42
https://www.michelinman.com/motorcycle/manufacturers/kawasaki,97,7804,1.24%,17.44
https://www.michelinman.com/auto/manufacturers/ford/expedition,96,6552,1.47%,20.1
https://www.michelinman.com/auto/manufacturers/mazda/cx-30,96,6353,1.51%,9.36
https://www.michelinman.com/auto/manufacturers/tesla/cybertruck,95,34690,0.27%,9.32
https://www.michelinman.com/auto/manufacturers/kia/sorento,92,10291,0.89%,17.99
https://www.michelinman.com/motorcycle/manufacturers/vespa,92,3372,2.73%,17.29
https://www.michelinman.com/auto/manufacturers/mercedes-benz/sprinter-2500,91,5635,1.61%,22.97
https://www.michelinman.com/auto/manufacturers/mercedes-benz/amg-gt-63-s,91,4728,1.92%,42.81
https://www.michelinman.com/auto/manufacturers/chevrolet/traverse,90,7534,1.19%,15.16
https://www.michelinman.com/auto/manufacturers/mazda/cx-9,90,5456,1.65%,12.05
https://www.michelinman.com/auto/manufacturers/cadillac/escalade,88,4751,1.85%,13.13
https://www.michelinman.com/auto/manufacturers/bmw/m5,88,3250,2.71%,16.76
https://www.michelinman.com/auto/manufacturers/bmw/328i,86,12841,0.67%,13.44
https://www.michelinman.com/auto/manufacturers/lexus/is350,86,4032,2.13%,12.02
https://www.michelinman.com/auto/manufacturers/hyundai/santa-fe,85,8400,1.01%,17.23
https://www.michelinman.com/auto/manufacturers/lincoln/corsair,84,2437,3.45%,12.28
https://www.michelinman.com/auto/manufacturers/ram/1500,83,12917,0.64%,26.3
https://www.michelinman.com/auto/manufacturers/gmc/acadia,83,6440,1.29%,18.01
https://www.michelinman.com/auto/manufacturers/audi/q3,83,4062,2.04%,11.11
https://www.michelinman.com/auto/manufacturers/bmw/x1,82,13668,0.6%,10.23
https://www.michelinman.com/auto/manufacturers/bmw/i4,82,11345,0.72%,10.44
https://www.michelinman.com/auto/manufacturers/hyundai/sonata,82,10446,0.78%,24.08
https://www.michelinman.com/auto/manufacturers/gmc/terrain,82,8120,1.01%,22.4
https://www.michelinman.com/auto/manufacturers/volkswagen/tiguan,81,7616,1.06%,14.46
https://www.michelinman.com/auto/manufacturers/mercedes-benz/cla250,81,5883,1.38%,19.83
https://www.michelinman.com/auto/manufacturers/audi/a6-quattro,81,3380,2.4%,15.07
https://www.michelinman.com/auto/manufacturers/cadillac/srx,80,4901,1.63%,15.34
https://www.michelinman.com/auto/manufacturers/lexus/ux250h,80,3726,2.15%,14.86
https://www.michelinman.com/auto/manufacturers/nissan/altima,79,14320,0.55%,28.83
https://www.michelinman.com/motorcycle/manufacturers/yamaha,79,11199,0.71%,13.53
https://www.michelinman.com/auto/manufacturers/lexus/gs350,79,5873,1.35%,17.49
https://www.michelinman.com/auto/manufacturers/mercedes-benz/glc43-amg,79,2341,3.37%,21.74
https://www.michelinman.com/auto/manufacturers/ford,78,28982,0.27%,11.26
https://www.michelinman.com/auto/manufacturers/jeep,78,16313,0.48%,30.81
https://www.michelinman.com/auto/manufacturers/kia/soul,78,11241,0.69%,19.36
https://www.michelinman.com/auto/manufacturers/cadillac,78,9984,0.78%,10.93
https://www.michelinman.com/auto/manufacturers/bmw/x6,78,4522,1.72%,15.22
https://www.michelinman.com/auto/manufacturers/lexus/lx570,78,3487,2.24%,22.64
https://www.michelinman.com/auto/manufacturers/hyundai,77,10398,0.74%,13.62
https://www.michelinman.com/auto/manufacturers/mercedes-benz/c43-amg,77,8414,0.92%,24.43
https://www.michelinman.com/auto/manufacturers/chrysler/pacifica-minivan,76,6804,1.12%,21.43
https://www.michelinman.com/auto/manufacturers/volkswagen/atlas,76,6299,1.21%,14.22
https://www.michelinman.com/auto/manufacturers/mercedes-benz/ml350,76,5930,1.28%,20.15
https://www.michelinman.com/auto/manufacturers/volvo,75,5855,1.28%,12.59
https://www.michelinman.com/auto/manufacturers/cadillac/xt4,74,2626,2.82%,10.08
https://www.michelinman.com/auto/manufacturers/genesis/g80,74,2393,3.09%,21.99
https://www.michelinman.com/auto/manufacturers/mercedes-benz/c63-amg-s,73,4766,1.53%,41.42
https://www.michelinman.com/auto/manufacturers/subaru/wrx,73,4622,1.58%,13.39
https://www.michelinman.com/auto/manufacturers/mazda/mx-5-miata,73,3327,2.19%,15.84
https://www.michelinman.com/auto/manufacturers/kia/niro,73,3270,2.23%,11.45
https://www.michelinman.com/auto/manufacturers/nissan/sentra,72,10736,0.67%,25.82
https://www.michelinman.com/auto/manufacturers/nissan/murano,72,5579,1.29%,23.47
https://www.michelinman.com/auto/manufacturers/mercedes-benz/a220,71,8003,0.89%,16.26
https://www.michelinman.com/auto/manufacturers/chevrolet/bolt-euv,71,6782,1.05%,35.51
https://www.michelinman.com/auto/manufacturers/lexus/is250,71,6656,1.07%,17.62
https://www.michelinman.com/motorcycle/manufacturers/honda/cbr600rr,71,5415,1.31%,18.92
https://www.michelinman.com/auto/manufacturers/land-rover/range-rover-sport,71,4293,1.65%,15.64
https://www.michelinman.com/motorcycle/manufacturers/yamaha/aerox-r-all,71,2928,2.42%,10.17
https://www.michelinman.com/auto/manufacturers/acura,70,7376,0.95%,15.85
https://www.michelinman.com/auto/manufacturers/gmc/sierra-1500,70,5443,1.29%,30.09
https://www.michelinman.com/auto/manufacturers/acura/tlx,70,3562,1.97%,13.98
https://www.michelinman.com/auto/manufacturers/chevrolet/suburban,70,3354,2.09%,12.84
https://www.michelinman.com/auto/manufacturers/audi/q7,69,4616,1.49%,15.65
https://www.michelinman.com/auto/manufacturers/chevrolet/impala,68,7236,0.94%,35.37
https://www.michelinman.com/auto/manufacturers/lexus/nx200t,67,4974,1.35%,25.69
https://www.michelinman.com/auto/manufacturers/buick/envision,67,2694,2.49%,20.35
https://www.michelinman.com/auto/manufacturers/kia/ev6,67,2409,2.78%,8.82
https://www.michelinman.com/auto/manufacturers/chevrolet/silverado-3500-hd,67,2371,2.83%,15.83
https://www.michelinman.com/auto/manufacturers/audi/q8,67,1753,3.82%,11.61
https://www.michelinman.com/motorcycle/manufacturers/triumph/bonneville-t120,67,1470,4.56%,15.19
https://www.michelinman.com/auto/manufacturers/hyundai/elantra,66,12930,0.51%,24.69
https://www.michelinman.com/auto/manufacturers/mercedes-benz/e63-amg-s,66,6564,1.01%,54.24
https://www.michelinman.com/auto/manufacturers/jeep/grand-cherokee-l,66,5323,1.24%,18.63
https://www.michelinman.com/auto/manufacturers/lexus/ls460,66,4629,1.43%,26.29
https://www.michelinman.com/auto/manufacturers/chevrolet/cruze,65,9145,0.71%,24.55
https://www.michelinman.com/auto/manufacturers/dodge/durango,65,8504,0.76%,19.09
https://www.michelinman.com/auto/manufacturers/dodge/charger,65,7777,0.84%,24.07
https://www.michelinman.com/auto/manufacturers/toyota/rav4-prime,65,6149,1.06%,16.67
https://www.michelinman.com/auto/manufacturers/hyundai/accent,65,5832,1.11%,24.66
https://www.michelinman.com/motorcycle/manufacturers/kawasaki/ninja-300/ninja-300,65,4130,1.57%,26.62
https://www.michelinman.com/auto/manufacturers/rolls-royce,64,3513,1.82%,22.23
https://www.michelinman.com/motorcycle/manufacturers/royal-enfield,64,1928,3.32%,19.65
https://www.michelinman.com/auto/manufacturers/polestar,64,1739,3.68%,16.16
https://www.michelinman.com/auto/manufacturers/jeep/compass,63,9577,0.66%,15.8
https://www.michelinman.com/auto/manufacturers/nissan/pathfinder,63,7729,0.82%,25.73
https://www.michelinman.com/motorcycle/manufacturers/kawasaki/ninja400/ninja400,63,4204,1.5%,9.09
https://www.michelinman.com/auto/manufacturers/ford/bronco-sport,63,3336,1.89%,18.85
https://www.michelinman.com/auto/manufacturers/bmw/m2,63,2271,2.77%,12.76
https://www.michelinman.com/auto/manufacturers/mercedes-benz/gl450,62,5023,1.23%,25.97
https://www.michelinman.com/auto/manufacturers/toyota/sequoia,62,3211,1.93%,22.11
https://www.michelinman.com/auto/manufacturers/lexus/lc500,62,1511,4.1%,18.53
https://www.michelinman.com/auto/manufacturers/volkswagen/jetta,61,8450,0.72%,20.7
https://www.michelinman.com/motorcycle/manufacturers/honda/grom,61,6483,0.94%,13.98
https://www.michelinman.com/auto/manufacturers/infiniti/qx60,61,4415,1.38%,13.23
https://www.michelinman.com/auto/manufacturers/lexus/ls430,61,3087,1.98%,23.5
https://www.michelinman.com/auto/manufacturers/lexus/nx350,61,2371,2.57%,18.35
https://www.michelinman.com/auto/manufacturers/subaru/brz,61,1961,3.11%,17.49
https://www.michelinman.com/auto/manufacturers/lincoln/nautilus,60,2217,2.71%,12.14
https://www.michelinman.com/motorcycle/manufacturers/kawasaki/z400,60,2049,2.93%,16.73
https://www.michelinman.com/auto/manufacturers/gmc/yukon,59,3890,1.52%,15.23
https://www.michelinman.com/auto/manufacturers/chrysler/town-and-country,59,3831,1.54%,19.07
https://www.michelinman.com/motorcycle/manufacturers/honda/adv150/adv150,59,3276,1.8%,12.3
https://www.michelinman.com/motorcycle/manufacturers/honda/rebel-250,59,3054,1.93%,14.16
https://www.michelinman.com/auto/manufacturers/volvo/s60,59,3040,1.94%,13.56
https://www.michelinman.com/auto/manufacturers/subaru,58,9914,0.59%,18.94
https://www.michelinman.com/auto/manufacturers/kia/forte,58,5797,1%,18.55
https://www.michelinman.com/auto/manufacturers/mercedes-benz/cla45-amg,58,4063,1.43%,41.92
https://www.michelinman.com/auto/manufacturers/ford/f-150-lightning,58,3081,1.88%,14.22
https://www.michelinman.com/auto/manufacturers/dodge/challenger,57,5667,1.01%,21.58
https://www.michelinman.com/auto/manufacturers/lincoln/mkz,57,3857,1.48%,27.06
https://www.michelinman.com/auto/manufacturers/nissan/armada,57,2921,1.95%,15.04
https://www.michelinman.com/auto/manufacturers/hyundai/kona,56,6101,0.92%,11.58
https://www.michelinman.com/auto/manufacturers/subaru/impreza,56,6041,0.93%,24.1
https://www.michelinman.com/auto/manufacturers/nissan/maxima,56,5886,0.95%,29.65
https://www.michelinman.com/auto/manufacturers/infiniti/q50,56,4638,1.21%,15.58
https://www.michelinman.com/auto/manufacturers/mercedes-benz/glk350,56,4214,1.33%,22.5
https://www.michelinman.com/auto/manufacturers/buick/lacrosse,56,2712,2.06%,16.49
https://www.michelinman.com/auto/manufacturers/infiniti/qx50,56,2692,2.08%,13.27
https://www.michelinman.com/motorcycle/manufacturers/ktm/390-duke/390-duke,56,1961,2.86%,25.85
https://www.michelinman.com/auto/manufacturers/porsche/panamera,55,4705,1.17%,8.47
https://www.michelinman.com/auto/manufacturers/nissan/frontier,55,4394,1.25%,20.78
https://www.michelinman.com/auto/manufacturers/kia/stinger,55,3293,1.67%,16.86
https://www.michelinman.com/auto/manufacturers/audi/a3,55,2379,2.31%,15.34
https://www.michelinman.com/auto/manufacturers/hyundai/palisade,53,3630,1.46%,11.6
https://www.michelinman.com/auto/manufacturers/mercedes-benz/gls580,53,714,7.42%,8.72
https://www.michelinman.com/motorcycle/manufacturers/yamaha/yzf-r6/yzf-r6,52,6942,0.75%,22.97
https://www.michelinman.com/auto/manufacturers/cadillac/cts,52,6347,0.82%,25.62
https://www.michelinman.com/auto/manufacturers/kia/k5,52,4586,1.13%,10.96
https://www.michelinman.com/motorcycle/manufacturers/indian,52,2395,2.17%,11.87
https://www.michelinman.com/motorcycle/manufacturers/harley-davidson/flhx-street-glide/flhx-street-glide,51,4760,1.07%,17.34
https://www.michelinman.com/motorcycle/manufacturers/yamaha/x-max-300/x-max-300,51,2840,1.8%,13.31
https://www.michelinman.com/motorcycle/manufacturers/triumph,51,2388,2.14%,30.73
https://www.michelinman.com/auto/manufacturers/chevrolet/malibu,50,9767,0.51%,31.25
https://www.michelinman.com/auto/manufacturers/ford/focus,50,8468,0.59%,35.34
https://www.michelinman.com/auto/manufacturers/lexus/ct200h,50,4558,1.1%,28.58
https://www.michelinman.com/auto/manufacturers/ford/transit-350,50,4160,1.2%,12.64
https://www.michelinman.com/auto/manufacturers/lexus/ls500,50,1736,2.88%,36.1
https://www.michelinman.com/auto/manufacturers/infiniti,49,4808,1.02%,15.21
https://www.michelinman.com/motorcycle/manufacturers/suzuki/gsx-r750/gsx-r750,49,3312,1.48%,18.91
https://www.michelinman.com/auto/manufacturers/mercedes-benz/amg-gt-53,49,2701,1.81%,47.46
https://www.michelinman.com/auto/manufacturers/genesis,48,3162,1.52%,16.63
https://www.michelinman.com/auto/manufacturers/toyota/prius-prime,48,2667,1.8%,16.44
https://www.michelinman.com/auto/manufacturers/audi/a5-sportback,48,2393,2.01%,16.38
https://www.michelinman.com/auto/manufacturers/volkswagen/golf-r,48,2296,2.09%,17.91
https://www.michelinman.com/auto/manufacturers/land-rover/range-rover-velar,48,1082,4.44%,14.26
https://www.michelinman.com/motorcycle/manufacturers/honda/cbr500r,47,4451,1.06%,32.17
https://www.michelinman.com/auto/manufacturers/acura/ilx,47,3930,1.2%,19.97
https://www.michelinman.com/motorcycle/manufacturers/yamaha/yzf-r6,47,3626,1.3%,27.66
https://www.michelinman.com/auto/manufacturers/nissan/kicks,47,2793,1.68%,15.67
https://www.michelinman.com/auto/manufacturers/bmw/m240i-xdrive,47,1333,3.53%,17.11
https://www.michelinman.com/motorcycle/manufacturers/harley-davidson/xl-883-r-sportster-iron-883/xl-883-r-sportster-iron-883,46,5605,0.82%,35.06
https://www.michelinman.com/auto/manufacturers/chevrolet/trax,46,4482,1.03%,13.25
https://www.michelinman.com/auto/manufacturers/mercedes-benz/s550,46,4370,1.05%,33.5
https://www.michelinman.com/auto/manufacturers/chrysler/200,46,4185,1.1%,14.87
https://www.michelinman.com/auto/manufacturers/nissan/leaf,46,3402,1.35%,18.21
https://www.michelinman.com/motorcycle/manufacturers/harley-davidson/flstf-softail-fat-boy/flstf-softail-fat-boy,46,3296,1.4%,15.16
https://www.michelinman.com/motorcycle/manufacturers/harley-davidson/flstc-heritage-softail-classic/flstc-heritage-softail-classic,46,3144,1.46%,24.37
https://www.michelinman.com/motorcycle/manufacturers/honda/super-cub-c125,46,1296,3.55%,35.26
https://www.michelinman.com/auto/manufacturers/mazda/3,45,4278,1.05%,35.03
https://www.michelinman.com/auto/manufacturers/toyota/corolla-cross,45,3504,1.28%,13.79
https://www.michelinman.com/auto/manufacturers/lexus/nx300h,45,2121,2.12%,25.25
https://www.michelinman.com/auto/manufacturers/hyundai/kona-electric,45,2056,2.19%,29.13
https://www.michelinman.com/auto/manufacturers/volvo/xc40-recharge,45,820,5.49%,16.64
https://www.michelinman.com/auto/manufacturers/volkswagen/passat,44,4290,1.03%,26.03
https://www.michelinman.com/auto/manufacturers/ferrari,44,2912,1.51%,12.67
https://www.michelinman.com/auto/manufacturers/hyundai/ioniq,44,1254,3.51%,10.87
https://www.michelinman.com/auto/manufacturers/infiniti/g37,43,7621,0.56%,31.27
https://www.michelinman.com/auto/manufacturers/ford/ranger,43,6581,0.65%,24.87
https://www.michelinman.com/auto/manufacturers/mercedes-benz/c250,43,6214,0.69%,17.1
https://www.michelinman.com/auto/manufacturers/mercedes-benz/s63-amg,43,4019,1.07%,47.13
https://www.michelinman.com/auto/manufacturers/gmc/sierra-2500-hd,43,2796,1.54%,24.21
https://www.michelinman.com/auto/manufacturers/mercedes-benz/gle43-amg,43,1632,2.63%,22.88
https://www.michelinman.com/auto/manufacturers/lexus/rc-f,43,1396,3.08%,19.59
https://www.michelinman.com/motorcycle/manufacturers/honda/xl-750-transalp,43,558,7.71%,8.75
https://www.michelinman.com/auto/manufacturers/bmw/i3,42,5429,0.77%,12.73
https://www.michelinman.com/auto/manufacturers/audi/a4,42,5163,0.81%,20.38
https://www.michelinman.com/auto/manufacturers/ford/fiesta,42,3347,1.25%,21.09
https://www.michelinman.com/motorcycle/manufacturers/yamaha/mt-07,42,2974,1.41%,12.99
https://www.michelinman.com/motorcycle/manufacturers/yamaha/mio-125-i,42,2157,1.95%,11.71
https://www.michelinman.com/auto/manufacturers/toyota/c-hr,41,5309,0.77%,16.01
https://www.michelinman.com/auto/manufacturers/gmc/yukon-xl,41,2262,1.81%,13.88
https://www.michelinman.com/auto/manufacturers/bmw/335i,41,2149,1.91%,24.38
https://www.michelinman.com/auto/manufacturers/land-rover/range-rover-evoque,41,1632,2.51%,18.04
https://www.michelinman.com/auto/manufacturers/lincoln/aviator,41,1124,3.65%,13.07
https://www.michelinman.com/auto/manufacturers/chevrolet/colorado,40,6325,0.63%,19.35
https://www.michelinman.com/auto/manufacturers/chrysler/300,40,6311,0.63%,23.07
https://www.michelinman.com/auto/manufacturers/mazda,40,6222,0.64%,27.92
https://www.michelinman.com/auto/manufacturers/subaru/legacy,40,4471,0.89%,15.54
https://www.michelinman.com/auto/manufacturers/bmw/m550i-xdrive,40,4415,0.91%,21.94
https://www.michelinman.com/auto/manufacturers/acura/tsx,40,3739,1.07%,20.48
https://www.michelinman.com/auto/manufacturers/mercedes-benz/e300,40,2828,1.41%,38.31
https://www.michelinman.com/auto/manufacturers/bmw/x4,40,2801,1.43%,10.23
https://www.michelinman.com/auto/manufacturers/lexus/sc430,40,2200,1.82%,36.59
https://www.michelinman.com/auto/manufacturers/mercedes-benz/s580,40,1922,2.08%,20.01
https://www.michelinman.com/motorcycle/manufacturers/honda/pcx150/pcx150,40,1400,2.86%,18.76
https://www.michelinman.com/auto/manufacturers/kia/optima,39,5425,0.72%,33.86
https://www.michelinman.com/auto/manufacturers/ford/f-150-xlt,39,5379,0.73%,34.37
https://www.michelinman.com/auto/manufacturers/ford/taurus,39,3752,1.04%,28.01
https://www.michelinman.com/auto/manufacturers/mercedes-benz/sprinter-3500,39,1322,2.95%,32.61
https://www.michelinman.com/motorcycle/manufacturers/honda/cmx500-rebel,39,989,3.94%,16.34
https://www.michelinman.com/auto/manufacturers/jeep/renegade,38,7828,0.49%,13.78
https://www.michelinman.com/auto/manufacturers/ford/flex,38,5564,0.68%,34.93
https://www.michelinman.com/auto/manufacturers/smart,38,3519,1.08%,29.11
https://www.michelinman.com/auto/manufacturers/lincoln/town-car,38,3267,1.16%,23.47
https://www.michelinman.com/auto/manufacturers/dodge/ram-2500,38,2849,1.33%,27.41
https://www.michelinman.com/auto/manufacturers/toyota/fj-cruiser,38,2609,1.46%,22.51
https://www.michelinman.com/auto/manufacturers/mazda/cx-50,38,2601,1.46%,9.57
https://www.michelinman.com/auto/manufacturers/dodge/viper,38,2386,1.59%,16.26
https://www.michelinman.com/auto/manufacturers/bmw/430i-gran-coupe,38,1935,1.96%,17.24
https://www.michelinman.com/auto/manufacturers/kia/niro-ev,38,1796,2.12%,10.3
https://www.michelinman.com/auto/manufacturers/volkswagen/touareg,38,894,4.25%,16.2
https://www.michelinman.com/auto/manufacturers/genesis/g90,38,775,4.9%,35.54
https://www.michelinman.com/auto/manufacturers/chevrolet/volt,37,3185,1.16%,20.24
https://www.michelinman.com/motorcycle/manufacturers/harley-davidson/fxdwg-dyna-wide-glide/fxdwg-dyna-wide-glide,37,3145,1.18%,32.52
https://www.michelinman.com/auto/manufacturers/lincoln/mkx,37,1710,2.16%,20
https://www.michelinman.com/auto/manufacturers/mercedes-benz/cla35-amg,37,724,5.11%,31.15
https://www.michelinman.com/auto/manufacturers/mercedes-benz/sl500,37,665,5.56%,26.15
https://www.michelinman.com/auto/manufacturers/hyundai/ioniq-5-n,37,537,6.89%,26.27
https://www.michelinman.com/auto/manufacturers/acura/tl,36,5860,0.61%,25.41
https://www.michelinman.com/auto/manufacturers/nissan/370z,36,2594,1.39%,21.51
https://www.michelinman.com/auto/manufacturers/cadillac/xts,36,2493,1.44%,29.63
https://www.michelinman.com/auto/manufacturers/lexus/gx470,36,2461,1.46%,26.82
https://www.michelinman.com/motorcycle/manufacturers/honda/xrm-125,36,2212,1.63%,12.95
https://www.michelinman.com/auto/manufacturers/buick/regal,36,1727,2.08%,20.56
https://www.michelinman.com/motorcycle/manufacturers/honda/pcx,36,790,4.56%,14.07
https://www.michelinman.com/motorcycle/manufacturers/ducati,36,787,4.57%,21.56
https://www.michelinman.com/motorcycle/manufacturers/bmw/r-1250-gs,36,741,4.86%,12.1
https://www.michelinman.com/auto/manufacturers/kia,35,6807,0.51%,16.79
https://www.michelinman.com/auto/manufacturers/bmw/320i,35,6700,0.52%,14.83
https://www.michelinman.com/auto/manufacturers/mini/cooper,35,4609,0.76%,34.58
https://www.michelinman.com/auto/manufacturers/toyota/yaris,35,3910,0.9%,25.73
https://www.michelinman.com/auto/manufacturers/volkswagen/gti,35,2227,1.57%,14.22
https://www.michelinman.com/auto/manufacturers/lexus/lx600,35,1994,1.76%,11.71
https://www.michelinman.com/auto/manufacturers/lamborghini/urus,35,1700,2.06%,13.37
https://www.michelinman.com/motorcycle/manufacturers/honda/grom/grom,34,4799,0.71%,15.02
https://www.michelinman.com/auto/manufacturers/land-rover,34,3388,1%,18.82
https://www.michelinman.com/motorcycle/manufacturers/suzuki/gsx-r600/gsx-r600,34,3274,1.04%,13.09
https://www.michelinman.com/auto/manufacturers/ford/c-max,34,3240,1.05%,26.42
https://www.michelinman.com/auto/manufacturers/volkswagen/beetle,34,2943,1.16%,13.16
https://www.michelinman.com/auto/manufacturers/lincoln/navigator,34,2380,1.43%,14.6
https://www.michelinman.com/auto/manufacturers/gmc/sierra-3500-hd,34,1710,1.99%,25.88
https://www.michelinman.com/auto/manufacturers/porsche/taycan,34,997,3.41%,15.8
https://www.michelinman.com/auto/manufacturers/mazda/cx-90,34,566,6.01%,10.17
https://www.michelinman.com/auto/manufacturers/bmw/m8,34,429,7.93%,10.56
https://www.michelinman.com/motorcycle/manufacturers/harley-davidson/fxdf-dyna-fat-bob/fxdf-dyna-fat-bob,33,1869,1.77%,18.82
https://www.michelinman.com/auto/manufacturers/bmw/325i,33,1438,2.29%,21.58
https://www.michelinman.com/motorcycle/manufacturers/kawasaki/z125-pro,33,996,3.31%,7.61
https://www.michelinman.com/auto/manufacturers/volvo/v60-cross-country,33,873,3.78%,14.4
https://www.michelinman.com/auto/manufacturers/lexus/is300,32,6600,0.48%,20.18
https://www.michelinman.com/auto/manufacturers/toyota/matrix,32,4104,0.78%,27.12
https://www.michelinman.com/motorcycle/manufacturers/suzuki,32,3254,0.98%,23.78
https://www.michelinman.com/auto/manufacturers/toyota/gr-corolla,32,2335,1.37%,21.79
https://www.michelinman.com/auto/manufacturers/audi/sq5,32,1672,1.91%,11.57
https://www.michelinman.com/motorcycle/manufacturers/kawasaki/vulcan-s,32,1034,3.09%,14.14
https://www.michelinman.com/auto/manufacturers/audi/s5,32,888,3.6%,12.35
https://www.michelinman.com/auto/manufacturers/cadillac/lyriq,32,282,11.35%,14.57
https://www.michelinman.com/auto/manufacturers/honda/clarity,31,8854,0.35%,8.55
https://www.michelinman.com/auto/manufacturers/ford/transit-250,31,3906,0.79%,14.86
https://www.michelinman.com/motorcycle/manufacturers/honda/cbr300r/cbr300r,31,3018,1.03%,38.98
https://www.michelinman.com/auto/manufacturers/kia/seltos,31,2301,1.35%,11.2
https://www.michelinman.com/motorcycle/manufacturers/kawasaki/z650/z650,31,1958,1.58%,24.73
https://www.michelinman.com/motorcycle/manufacturers/bmw/r-1200-rt,31,1137,2.73%,28.42
https://www.michelinman.com/auto/manufacturers/lexus/is500,31,927,3.34%,26.16
https://www.michelinman.com/motorcycle/manufacturers/honda/ct125-hunter-cub,31,777,3.99%,17.65
https://www.michelinman.com/auto/manufacturers/chevrolet/trailblazer,30,3031,0.99%,24.28
https://www.michelinman.com/motorcycle/manufacturers/yamaha/xmax-300-tech-max,30,736,4.08%,16.11
https://www.michelinman.com/auto/manufacturers/bmw/z4,30,520,5.77%,17.64
https://www.michelinman.com/auto/manufacturers/nissan/versa,29,4371,0.66%,27.28
https://www.michelinman.com/auto/manufacturers/ford/bronco,29,3399,0.85%,14.03
https://www.michelinman.com/auto/manufacturers/lexus/rx300,29,3159,0.92%,28.01
https://www.michelinman.com/auto/manufacturers/toyota/prius-c,29,2161,1.34%,24.63
https://www.michelinman.com/auto/manufacturers/mini/cooper-countryman,29,1940,1.49%,19.44
https://www.michelinman.com/auto/manufacturers/cadillac/escalade-esv,29,1383,2.1%,18.63
https://www.michelinman.com/motorcycle/manufacturers/suzuki/burgman-650,29,892,3.25%,25.68
https://www.michelinman.com/motorcycle/manufacturers/honda/cb500f,29,891,3.25%,26.2
https://www.michelinman.com/auto/manufacturers/volkswagen,28,4882,0.57%,24.75
https://www.michelinman.com/motorcycle/manufacturers/yamaha/mio-sporty,28,4073,0.69%,9.61
https://www.michelinman.com/auto/manufacturers/lincoln/mkc,28,2317,1.21%,34
https://www.michelinman.com/motorcycle/manufacturers/bmw/r-1200-gs/r-1200-gs,28,2006,1.4%,25.29
https://www.michelinman.com/motorcycle/manufacturers/kawasaki/ninja-zx-14r,28,1926,1.45%,23.27
https://www.michelinman.com/motorcycle/manufacturers/bmw,28,1809,1.55%,23.35
https://www.michelinman.com/auto/manufacturers/gmc/canyon,28,1637,1.71%,12.28
https://www.michelinman.com/auto/manufacturers/bmw/m440i-xdrive-gran-coupe,28,906,3.09%,27.58
https://www.michelinman.com/motorcycle/manufacturers/bmw/f-750-gs/f-750-gs,28,336,8.33%,15.24
https://www.michelinman.com/auto/manufacturers/lincoln,27,6244,0.43%,14.36
https://www.michelinman.com/auto/manufacturers/bmw/535i,27,2806,0.96%,21.7
https://www.michelinman.com/auto/manufacturers/mazda/cx-3,27,2353,1.15%,16.05
https://www.michelinman.com/auto/manufacturers/bmw/m340i-xdrive,27,2087,1.29%,18.88
https://www.michelinman.com/auto/manufacturers/jaguar/f-pace,27,1111,2.43%,21.47
https://www.michelinman.com/auto/manufacturers/toyota/86,27,638,4.23%,23.89
https://www.michelinman.com/auto/manufacturers/honda/insight,26,8081,0.32%,10.69
https://www.michelinman.com/auto/manufacturers/buick/encore,26,4880,0.53%,22.78
https://www.michelinman.com/auto/manufacturers/ford/crown-victoria,26,3448,0.75%,37.24
https://www.michelinman.com/auto/manufacturers/ford/maverick,26,1643,1.58%,22.35
https://www.michelinman.com/auto/manufacturers/audi/e-tron-quattro,26,1220,2.13%,14.54
https://www.michelinman.com/motorcycle/manufacturers/kawasaki/ninja-zx-10r/ninja-zx-10r,26,1081,2.41%,14.85
https://www.michelinman.com/auto/manufacturers/infiniti/q60,26,1067,2.44%,18.06
https://www.michelinman.com/motorcycle/manufacturers/yamaha/tenere-700,26,599,4.34%,10.58
https://www.michelinman.com/motorcycle/manufacturers/harley-davidson/xg-street-750,26,438,5.94%,24.89
https://www.michelinman.com/auto/manufacturers/cadillac/ct6,26,360,7.22%,12.54
https://www.michelinman.com/auto/manufacturers/chevrolet,25,25917,0.1%,12.38
https://www.michelinman.com/auto/manufacturers/dodge/grand-caravan,25,8359,0.3%,46.43
https://www.michelinman.com/auto/manufacturers/nissan,25,8339,0.3%,20.31
https://www.michelinman.com/auto/manufacturers/lexus/es300,25,5747,0.44%,20.64
https://www.michelinman.com/auto/manufacturers/mercedes-benz/amg-gt-43,25,1709,1.46%,53.96
https://www.michelinman.com/auto/manufacturers/nissan/nv200,25,1403,1.78%,14.22
https://www.michelinman.com/auto/manufacturers/cadillac/dts,25,1260,1.98%,35
https://www.michelinman.com/motorcycle/manufacturers/tiger,25,1253,2%,15.42
https://www.michelinman.com/motorcycle/manufacturers/kawasaki/w800,25,210,11.9%,7.65
https://www.michelinman.com/auto/manufacturers/gmc,24,14089,0.17%,11.62
https://www.michelinman.com/auto/manufacturers/porsche/boxster,24,4153,0.58%,7.34
https://www.michelinman.com/auto/manufacturers/mercedes-benz/e320,24,3295,0.73%,12.99
https://www.michelinman.com/auto/manufacturers/mercedes-benz/sl63-amg,24,2616,0.92%,54.17
https://www.michelinman.com/motorcycle/manufacturers/kawasaki/klr-650/klr-650,24,2586,0.93%,14.43
https://www.michelinman.com/auto/manufacturers/infiniti/fx35,24,2267,1.06%,27.08
https://www.michelinman.com/motorcycle/manufacturers/harley-davidson/fxdl-dyna-low-rider/fxdl-dyna-low-rider,24,2245,1.07%,32.65
https://www.michelinman.com/auto/manufacturers/hyundai/santa-cruz,24,1793,1.34%,13.2
https://www.michelinman.com/motorcycle/manufacturers/kawasaki/z900/z900,24,1415,1.7%,11.91
https://www.michelinman.com/auto/manufacturers/lexus/rc350,24,1084,2.21%,30.92
https://www.michelinman.com/auto/manufacturers/mitsubishi/mirage-g4,24,691,3.47%,20.72
https://www.michelinman.com/motorcycle/manufacturers/harley-davidson/pan-america/pan-america,24,529,4.54%,8.69
https://www.michelinman.com/auto/manufacturers/lucid,24,250,9.6%,21.93
https://www.michelinman.com/motorcycle/manufacturers/sherco,24,164,14.63%,26.27
https://www.michelinman.com/auto/manufacturers/mini,23,4695,0.49%,21.74
https://www.michelinman.com/auto/manufacturers/subaru/wrx-sti,23,3686,0.62%,38.81
https://www.michelinman.com/auto/manufacturers/bmw/530i,23,2246,1.02%,10.29
https://www.michelinman.com/motorcycle/manufacturers/kawasaki/ninja400,23,1591,1.45%,8.55
https://www.michelinman.com/motorcycle/manufacturers/ktm/390-adventure,23,626,3.67%,12.84
https://www.michelinman.com/auto/manufacturers/cadillac/ct4,23,481,4.78%,18.51
https://www.michelinman.com/motorcycle/manufacturers/aprilia,23,360,6.39%,24.95
https://www.michelinman.com/motorcycle/manufacturers/honda/nc-750-x-dct/nc-750-x-dct,23,346,6.65%,18.27
https://www.michelinman.com/motorcycle/manufacturers/triumph/tiger-900-gt-pro/tiger-900-gt-pro,23,328,7.01%,19.28
https://www.michelinman.com/auto/manufacturers/mercedes-benz/a35-amg,23,187,12.3%,26.44
https://www.michelinman.com/auto/manufacturers/chevrolet/sonic,22,3251,0.68%,23.51
https://www.michelinman.com/auto/manufacturers/lamborghini,22,3132,0.7%,18.01
https://www.michelinman.com/motorcycle/manufacturers/yamaha/yzf-r1/yzf-r1,22,2418,0.91%,23.97
https://www.michelinman.com/motorcycle/manufacturers/harley-davidson/fltrxs-road-glide-special/fltrxs-road-glide-special,22,1640,1.34%,13.47
https://www.michelinman.com/auto/manufacturers/lexus/es330,22,1301,1.69%,15.48
https://www.michelinman.com/auto/manufacturers/ford/f-150-svt-raptor,22,1283,1.71%,23.86
https://www.michelinman.com/auto/manufacturers/chevrolet/express-2500,22,1275,1.73%,11.03
https://www.michelinman.com/motorcycle/manufacturers/honda/xrm-125-dual-sport-slash-motard-slash-dsx,22,1122,1.96%,15.1
https://www.michelinman.com/auto/manufacturers/audi/rs3,22,647,3.4%,11.61
https://www.michelinman.com/auto/manufacturers/mercedes-benz/metris,22,439,5.01%,13.02
https://www.michelinman.com/motorcycle/manufacturers/honda/africa-twin-1100,22,402,5.47%,11.42
https://www.michelinman.com/auto/manufacturers/mercedes-benz/560sl,22,181,12.15%,39.31
https://www.michelinman.com/auto/manufacturers/mercedes-benz/eqs-580,22,136,16.18%,18.96
https://www.michelinman.com/auto/manufacturers/volvo/c40-recharge,22,95,23.16%,14.68
https://www.michelinman.com/auto/manufacturers/jeep/patriot,21,7110,0.3%,27.16
https://www.michelinman.com/auto/manufacturers/jeep/gladiator,21,4963,0.42%,22.28
https://www.michelinman.com/auto/manufacturers/ford/ecosport,21,2425,0.87%,24.84
https://www.michelinman.com/motorcycle/manufacturers/harley-davidson/flhrc-road-king-classic/flhrc-road-king-classic,21,2249,0.93%,15.19
https://www.michelinman.com/motorcycle/manufacturers/ktm,21,1334,1.57%,14.39
https://www.michelinman.com/motorcycle/manufacturers/honda/super-cub-c125/super-cub-c125,21,896,2.34%,44.57
https://www.michelinman.com/auto/manufacturers/lexus/lx470,21,746,2.82%,18.08
https://www.michelinman.com/motorcycle/manufacturers/harley-davidson/xl-1200-x-forty-eight,21,460,4.57%,16.12
https://www.michelinman.com/auto/manufacturers/land-rover/lr4,21,442,4.75%,20.3
https://www.michelinman.com/motorcycle/manufacturers/yamaha/v-star-250,21,386,5.44%,15.04
https://www.michelinman.com/motorcycle/manufacturers/kymco,21,275,7.64%,12.87
https://www.michelinman.com/auto/manufacturers/polestar/2,21,230,9.13%,10.14
https://www.michelinman.com/auto/manufacturers/mercedes-benz/eqe-amg,21,217,9.68%,20.46
https://www.michelinman.com/motorcycle/manufacturers/royal-enfield/classic-350,21,158,13.29%,16.13
https://www.michelinman.com/auto/manufacturers/ram,20,5805,0.34%,21.15
https://www.michelinman.com/auto/manufacturers/jeep/liberty,20,4783,0.42%,33.95
https://www.michelinman.com/motorcycle/manufacturers/honda/cbr600rr/cbr600rr,20,3591,0.56%,15.63
https://www.michelinman.com/auto/manufacturers/mercedes-benz/s560,20,3527,0.57%,17.91
https://www.michelinman.com/auto/manufacturers/geo,20,2813,0.71%,21.06
https://www.michelinman.com/auto/manufacturers/scion/xb,20,2754,0.73%,25.01
https://www.michelinman.com/auto/manufacturers/ram/promaster-1500,20,2300,0.87%,15.52
https://www.michelinman.com/auto/manufacturers/audi/a4-quattro,20,1346,1.49%,25.82
https://www.michelinman.com/auto/manufacturers/bmw/750i-xdrive,20,1237,1.62%,49.36
https://www.michelinman.com/motorcycle/manufacturers/kawasaki/ninja-300,20,982,2.04%,14.31
https://www.michelinman.com/auto/manufacturers/jeep/wagoneer,20,931,2.15%,10.09
https://www.michelinman.com/motorcycle/manufacturers/kawasaki/z900rs/z900rs,20,639,3.13%,31.41
https://www.michelinman.com/motorcycle/manufacturers/kawasaki/vn-900-classic-lt/vn-900-classic-lt,20,577,3.47%,10.13
https://www.michelinman.com/motorcycle/manufacturers/honda/cb500x/cb500x,20,421,4.75%,15.79
https://www.michelinman.com/motorcycle/manufacturers/yamaha/v-star-1300-tourer/v-star-1300-tourer,20,344,5.81%,15.61
https://www.michelinman.com/auto/manufacturers/mercedes-benz/e53-amg,20,212,9.43%,18.63
https://www.michelinman.com/auto/manufacturers/infiniti/g35,19,4832,0.39%,46.34
https://www.michelinman.com/auto/manufacturers/porsche/cayman,19,3594,0.53%,7.34
https://www.michelinman.com/auto/manufacturers/alfa-romeo,19,2652,0.72%,24.67
https://www.michelinman.com/motorcycle/manufacturers/honda/vtx-1800-c,19,2351,0.81%,20.73
https://www.michelinman.com/motorcycle/manufacturers/harley-davidson/flhx-street-glide,19,1725,1.1%,17.12
https://www.michelinman.com/motorcycle/manufacturers/harley-davidson/flhtkl-electra-glide-ultra-limited-low/flhtkl-electra-glide-ultra-limited-low,19,963,1.97%,12.02
https://www.michelinman.com/auto/manufacturers/hyundai/ioniq-6,19,957,1.99%,13.72
https://www.michelinman.com/auto/manufacturers/bmw/540i-xdrive,19,628,3.03%,25.76
https://www.michelinman.com/auto/manufacturers/chevrolet/express-3500,19,523,3.63%,9.79
https://www.michelinman.com/motorcycle/manufacturers/suzuki/v-strom-dl650/v-strom-dl650,19,465,4.09%,13.23
https://www.michelinman.com/auto/manufacturers/mercedes-benz/c230,19,418,4.55%,13.41
https://www.michelinman.com/auto/manufacturers/kia/ev9,19,412,4.61%,9.79
https://www.michelinman.com/motorcycle/manufacturers/benelli,19,199,9.55%,17.07
https://www.michelinman.com/auto/manufacturers/audi/sq8,19,197,9.64%,6.94
https://www.michelinman.com/auto/manufacturers/audi/e-tron-gt,19,175,10.86%,12.9
https://www.michelinman.com/auto/manufacturers/mercedes-benz/glc63-amg-s,19,118,16.1%,22.69
https://www.michelinman.com/auto/manufacturers/lexus/rx330,18,3311,0.54%,21.03
https://www.michelinman.com/auto/manufacturers/eagle,18,3219,0.56%,21.51
https://www.michelinman.com/auto/manufacturers/toyota/prius-v,18,2565,0.7%,26.5
https://www.michelinman.com/auto/manufacturers/alfa-romeo/giulia,18,1835,0.98%,20.59
https://www.michelinman.com/motorcycle/manufacturers/honda/adv150,18,1626,1.11%,8.86
https://www.michelinman.com/auto/manufacturers/mercury,18,1574,1.14%,46.04
https://www.michelinman.com/motorcycle/manufacturers/yamaha/mt-09-abs/mt-09-abs,18,1485,1.21%,12.19
https://www.michelinman.com/auto/manufacturers/volvo/xc70,18,1347,1.34%,15.23
https://www.michelinman.com/motorcycle/manufacturers/suzuki/gsx-r600,18,1301,1.38%,9.6
https://www.michelinman.com/auto/manufacturers/nissan/350z,18,1285,1.4%,19.86
https://www.michelinman.com/auto/manufacturers/mercedes-benz/e450,18,1259,1.43%,11.01
https://www.michelinman.com/auto/manufacturers/mercedes-benz/e400,18,499,3.61%,28.78
https://www.michelinman.com/auto/manufacturers/mercedes-benz/c63-amg,18,372,4.84%,17.38
https://www.michelinman.com/auto/manufacturers/bmw/330e,18,230,7.83%,10.32
https://www.michelinman.com/auto/manufacturers/maserati/levante,18,192,9.38%,18.47
https://www.michelinman.com/auto/manufacturers/volvo/v90-cross-country,18,156,11.54%,14.49
https://www.michelinman.com/auto/manufacturers/mercedes-benz/amg-gt-black-series,18,71,25.35%,13.48
https://www.michelinman.com/auto/manufacturers/dodge,17,7452,0.23%,30.75
https://www.michelinman.com/auto/manufacturers/hyundai/santa-fe-sport,17,3411,0.5%,35.62
https://www.michelinman.com/auto/manufacturers/kia/rio,17,2890,0.59%,17.18
https://www.michelinman.com/motorcycle/manufacturers/honda/cbr-250-r,17,2835,0.6%,36.12
https://www.michelinman.com/auto/manufacturers/mitsubishi/mirage,17,2250,0.76%,21.76
https://www.michelinman.com/auto/manufacturers/mitsubishi,17,2193,0.78%,14.87
https://www.michelinman.com/auto/manufacturers/nissan/xterra,17,1967,0.86%,26.81
https://www.michelinman.com/motorcycle/manufacturers/harley-davidson/fxdb-dyna-street-bob/fxdb-dyna-street-bob,17,1687,1.01%,18.75
https://www.michelinman.com/auto/manufacturers/lexus/rx400h,17,1333,1.28%,22.26
https://www.michelinman.com/motorcycle/manufacturers/yamaha/fjr-1300-as/fjr-1300-as,17,1074,1.58%,29.37
https://www.michelinman.com/auto/manufacturers/ford/e-350-super-duty,17,788,2.16%,14.26
https://www.michelinman.com/motorcycle/manufacturers/yamaha/xv-950-r-bolt/xv-950-r-bolt,17,607,2.8%,10.9
https://www.michelinman.com/auto/manufacturers/honda/s2000,17,424,4.01%,14.76
https://www.michelinman.com/auto/manufacturers/kia/carnival,17,413,4.12%,15.39
https://www.michelinman.com/auto/manufacturers/bmw/530e,17,321,5.3%,25.67
https://www.michelinman.com/motorcycle/manufacturers/triumph/tiger-1200-explorer/tiger-1200-explorer,17,255,6.67%,26.54
https://www.michelinman.com/motorcycle/manufacturers/kawasaki/ninja-1000-sx/ninja-1000-sx,17,212,8.02%,16.98
https://www.michelinman.com/auto/manufacturers/mercedes-benz/s500,17,203,8.37%,18.1
https://www.michelinman.com/auto/manufacturers/mitsubishi/montero-sport,17,174,9.77%,11.87
https://www.michelinman.com/auto/manufacturers/bmw/m850i-xdrive,17,93,18.28%,13.75
https://www.michelinman.com/auto/manufacturers/genesis/electrified-gv70,17,68,25%,13.93
https://www.michelinman.com/auto/manufacturers/buick,16,4308,0.37%,12.08
https://www.michelinman.com/auto/manufacturers/lincoln/continental,16,3049,0.52%,29.72
https://www.michelinman.com/motorcycle/manufacturers/harley-davidson/fxdb-dyna-street-bob,16,1280,1.25%,20.3
https://www.michelinman.com/motorcycle/manufacturers/harley-davidson/fxstc-softail-custom/fxstc-softail-custom,16,1154,1.39%,29.68
https://www.michelinman.com/auto/manufacturers/dodge/ram-3500,16,703,2.28%,14.67
https://www.michelinman.com/auto/manufacturers/ford/police-interceptor-sedan,16,672,2.38%,34.91
https://www.michelinman.com/motorcycle/manufacturers/piaggio,16,644,2.48%,13.99
https://www.michelinman.com/motorcycle/manufacturers/vespa/gts-300,16,576,2.78%,14.19
https://www.michelinman.com/auto/manufacturers/mercedes-benz/e550,16,425,3.76%,21.21
https://www.michelinman.com/motorcycle/manufacturers/honda/cb650r,16,361,4.43%,9.75
https://www.michelinman.com/auto/manufacturers/acura/integra,16,343,4.66%,13.26
https://www.michelinman.com/auto/manufacturers/bmw/530i-xdrive,16,325,4.92%,13.83
https://www.michelinman.com/auto/manufacturers/bmw/m235i,16,312,5.13%,27.93
https://www.michelinman.com/auto/manufacturers/lexus/nx450h-plus,16,192,8.33%,20.78
https://www.michelinman.com/auto/manufacturers/bmw/340i,16,166,9.64%,10.6
https://www.michelinman.com/auto/manufacturers/bmw/alpina-b7,15,4706,0.32%,63.38
https://www.michelinman.com/motorcycle/manufacturers/tnt,15,2692,0.56%,10.82
https://www.michelinman.com/motorcycle/manufacturers/honda/,15,2665,0.56%,12.12
https://www.michelinman.com/auto/manufacturers/chevrolet/s10,15,1212,1.24%,14.93
https://www.michelinman.com/auto/manufacturers/scion,15,1095,1.37%,35.75
https://www.michelinman.com/motorcycle/manufacturers/harley-davidson/xlh-883-sportster/xlh-883-sportster,15,948,1.58%,15.27
https://www.michelinman.com/motorcycle/manufacturers/harley-davidson/flhtcu-and-i-electra-glide-ultra-classic/flhtcu-and-i-electra-glide-ultra-classic,15,820,1.83%,12.04
https://www.michelinman.com/auto/manufacturers/bmw/650i,15,635,2.36%,43.18
https://www.michelinman.com/auto/manufacturers/lexus/ux200,15,589,2.55%,30.39
https://www.michelinman.com/auto/manufacturers/bmw/z3,15,449,3.34%,28.27
https://www.michelinman.com/auto/manufacturers/cadillac/ats,15,257,5.84%,11.54
https://www.michelinman.com/auto/manufacturers/volvo/s40,15,228,6.58%,19.25
https://www.michelinman.com/auto/manufacturers/mercedes-benz/gla45-amg,15,193,7.77%,22.82
https://www.michelinman.com/motorcycle/manufacturers/honda/rebel500/rebel500,15,189,7.94%,9.47
https://www.michelinman.com/motorcycle/manufacturers/honda/gl-1800-a-gold-wing/gl-1800-a-gold-wing,15,183,8.2%,15.34
https://www.michelinman.com/auto/manufacturers/bmw/740i,15,152,9.87%,16.01
https://www.michelinman.com/motorcycle/manufacturers/harley-davidson/xg-street-750/xg-street-750,15,133,11.28%,24.59
https://www.michelinman.com/motorcycle/manufacturers/kymco/k-pipe-125,15,110,13.64%,13.34
https://www.michelinman.com/motorcycle/manufacturers/indian/challenger,15,103,14.56%,13.1
https://www.michelinman.com/auto/manufacturers/honda/element,14,2081,0.67%,23.52
https://www.michelinman.com/motorcycle/manufacturers/harley-davidson/flhr-road-king/flhr-road-king,14,2039,0.69%,13.88
https://www.michelinman.com/auto/manufacturers/saturn,14,1968,0.71%,55.78
https://www.michelinman.com/auto/manufacturers/bmw/440i-gran-coupe,14,1823,0.77%,35.41
https://www.michelinman.com/auto/manufacturers/maserati,14,1532,0.91%,27.75
https://www.michelinman.com/motorcycle/manufacturers/harley-davidson/xl-883-r-sportster-iron-883,14,1524,0.92%,15.19
https://www.michelinman.com/auto/manufacturers/dodge/ram-1500,14,1223,1.14%,43.51
https://www.michelinman.com/auto/manufacturers/toyota/grand-highlander,14,1072,1.31%,15.11
https://www.michelinman.com/auto/manufacturers/aston-martin,14,926,1.51%,11.78
https://www.michelinman.com/motorcycle/manufacturers/bmw/s-1000-rr-carbon-and-forged-wheel/s-1000-rr-carbon-and-forged-wheel,14,923,1.52%,12.22
https://www.michelinman.com/auto/manufacturers/nissan/rogue-sport,14,857,1.63%,27.77
https://www.michelinman.com/auto/manufacturers/land-rover/discovery-sport,14,540,2.59%,13.2
https://www.michelinman.com/motorcycle/manufacturers/yamaha/yzf-r3-abs,14,497,2.82%,13.65
https://www.michelinman.com/motorcycle/manufacturers/indian/scout,14,495,2.83%,13.43
https://www.michelinman.com/auto/manufacturers/avanti,14,379,3.69%,18.26
https://www.michelinman.com/auto/manufacturers/genesis/electrified-g80,14,259,5.41%,57.63
https://www.michelinman.com/motorcycle/manufacturers/ducati/scrambler,14,243,5.76%,9.86
https://www.michelinman.com/auto/manufacturers/audi/rs5,14,193,7.25%,21.66
https://www.michelinman.com/motorcycle/manufacturers/triumph/bonneville-t100/bonneville-t100,14,158,8.86%,12.51
https://www.michelinman.com/motorcycle/manufacturers/honda/cbr650r/cbr650r,14,138,10.14%,8.99
https://www.michelinman.com/auto/manufacturers/bmw/540i,14,137,10.22%,17.18
https://www.michelinman.com/auto/manufacturers/toyota/crown,14,123,11.38%,38.7
https://www.michelinman.com/auto/manufacturers/lucid/air,14,117,11.97%,15.34
https://www.michelinman.com/motorcycle/manufacturers/triumph/trident-660,14,109,12.84%,7.73
https://www.michelinman.com/auto/manufacturers/fiat,13,2230,0.58%,13.09
https://www.michelinman.com/motorcycle/manufacturers/kawasaki/ninja-650r/ninja-650r,13,1622,0.8%,24.63
https://www.michelinman.com/auto/manufacturers/ford/transit-connect,13,1199,1.08%,21.66
https://www.michelinman.com/motorcycle/manufacturers/victory,13,994,1.31%,18.58
https://www.michelinman.com/auto/manufacturers/lexus/is200t,13,774,1.68%,30.51
https://www.michelinman.com/auto/manufacturers/audi/s4,13,553,2.35%,15.02
https://www.michelinman.com/motorcycle/manufacturers/yamaha/mt-03-abs,13,370,3.51%,8.8
https://www.michelinman.com/auto/manufacturers/volkswagen/taos,13,367,3.54%,14.15
https://www.michelinman.com/motorcycle/manufacturers/honda/vtx-1300-s/vtx-1300-s,13,315,4.13%,15.25
https://www.michelinman.com/auto/manufacturers/mercedes-benz/slk350,13,284,4.58%,29.35
https://www.michelinman.com/motorcycle/manufacturers/suzuki/burgman-400,13,198,6.57%,11.22
https://www.michelinman.com/auto/manufacturers/porsche/718-spyder,13,119,10.92%,30.8
https://www.michelinman.com/motorcycle/manufacturers/yamaha/xsr700/xsr700,13,97,13.4%,9.31
https://www.michelinman.com/auto/manufacturers/bmw/i5,13,45,28.89%,8.18
https://www.michelinman.com/auto/manufacturers/chrysler,12,3264,0.37%,17.47
https://www.michelinman.com/auto/manufacturers/chevrolet/spark,12,1784,0.67%,20.39
https://www.michelinman.com/motorcycle/manufacturers/harley-davidson/flstf-softail-fat-boy,12,1154,1.04%,13.45
https://www.michelinman.com/auto/manufacturers/bentley,12,914,1.31%,17.9
https://www.michelinman.com/auto/manufacturers/maserati/ghibli,12,683,1.76%,25.36
https://www.michelinman.com/motorcycle/manufacturers/yamaha/yzf-r7,12,578,2.08%,13.3
https://www.michelinman.com/auto/manufacturers/infiniti/qx70,12,406,2.96%,30.53
https://www.michelinman.com/motorcycle/manufacturers/bmw/g-310-r/g-310-r,12,403,2.98%,39.39
https://www.michelinman.com/auto/manufacturers/audi/q4-e-tron,12,341,3.52%,13.01
https://www.michelinman.com/auto/manufacturers/mercedes-benz/sprinter-3500xd,12,278,4.32%,36.22
https://www.michelinman.com/auto/manufacturers/audi/s3,12,254,4.72%,14.86
https://www.michelinman.com/auto/manufacturers/chevrolet/avalanche,12,250,4.8%,17.47
https://www.michelinman.com/motorcycle/manufacturers/kawasaki/versys-x-300,12,246,4.88%,9.13
https://www.michelinman.com/motorcycle/manufacturers/harley-davidson/low-rider-s,12,197,6.09%,11.38
https://www.michelinman.com/motorcycle/manufacturers/yamaha/fz6/fz6,12,189,6.35%,11.74
https://www.michelinman.com/auto/manufacturers/bmw/x2,12,188,6.38%,13.75
https://www.michelinman.com/motorcycle/manufacturers/kawasaki/z900rs,12,182,6.59%,9.13
https://www.michelinman.com/auto/manufacturers/maserati/quattroporte,12,169,7.1%,17.19
https://www.michelinman.com/auto/manufacturers/ford/f-150-king-ranch,12,161,7.45%,15.97
https://www.michelinman.com/auto/manufacturers/infiniti/qx80,12,145,8.28%,13.52
https://www.michelinman.com/auto/manufacturers/bmw/128i,12,139,8.63%,19.87
https://www.michelinman.com/motorcycle/manufacturers/yamaha/majesty-400-abs,12,136,8.82%,28.33
https://www.michelinman.com/auto/manufacturers/mercedes-benz/clk500,12,118,10.17%,28.64
https://www.michelinman.com/motorcycle/manufacturers/moto-guzzi,12,114,10.53%,9.21
https://www.michelinman.com/motorcycle/manufacturers/bmw/r18/r18,12,106,11.32%,23
https://www.michelinman.com/motorcycle/manufacturers/triumph/tiger-900-gt-pro,12,97,12.37%,9.08
https://www.michelinman.com/motorcycle/manufacturers/harley-davidson/fld-dyna-switchback/fld-dyna-switchback,12,95,12.63%,16.66
https://www.michelinman.com/auto/manufacturers/porsche/718-boxster,12,93,12.9%,22.66
https://www.michelinman.com/motorcycle/manufacturers/bmw/k-1600-gt,12,66,18.18%,12.23
https://www.michelinman.com/motorcycle/manufacturers/sym,12,61,19.67%,16.44
https://www.michelinman.com/motorcycle/manufacturers/triumph/speedmaster,12,41,29.27%,25.83
https://www.michelinman.com/auto/manufacturers/mercedes-benz/eqs-amg,12,40,30%,7.28
https://www.michelinman.com/auto/manufacturers/mitsubishi/outlander-sport,11,2359,0.47%,23
https://www.michelinman.com/auto/manufacturers/jaguar,11,2190,0.5%,16.11
https://www.michelinman.com/auto/manufacturers/dodge/journey,11,2024,0.54%,41.15
https://www.michelinman.com/auto/manufacturers/lexus/gs300,11,1190,0.92%,26
https://www.michelinman.com/auto/manufacturers/bmw/535i-xdrive,11,611,1.8%,19.51
https://www.michelinman.com/auto/manufacturers/alfa-romeo/stelvio,11,388,2.84%,15.11
https://www.michelinman.com/motorcycle/manufacturers/harley-davidson/pan-america,11,354,3.11%,13.2
https://www.michelinman.com/auto/manufacturers/gmc/savana-2500,11,311,3.54%,14.96
https://www.michelinman.com/auto/manufacturers/land-rover/discovery,11,310,3.55%,16.19
https://www.michelinman.com/auto/manufacturers/audi/a4-allroad,11,285,3.86%,15.6
https://www.michelinman.com/motorcycle/manufacturers/harley-davidson/low-rider-s/low-rider-s,11,225,4.89%,11.88
https://www.michelinman.com/auto/manufacturers/mercedes-benz/g63-4x4-squared-amg,11,188,5.85%,39.19
https://www.michelinman.com/auto/manufacturers/mercedes-benz/eqs-450-plus,11,173,6.36%,20.73
https://www.michelinman.com/motorcycle/manufacturers/honda/cb500f/cb500f,11,147,7.48%,11.33
https://www.michelinman.com/auto/manufacturers/volvo/s90,11,133,8.27%,21.81
https://www.michelinman.com/motorcycle/manufacturers/bmw/f-700-gs/f-700-gs,11,103,10.68%,22.09
https://www.michelinman.com/motorcycle/manufacturers/harley-davidson/flxrs-low-rider-st/flxrs-low-rider-st,11,84,13.1%,7.65
https://www.michelinman.com/motorcycle/manufacturers/honda/nc-750-x/nc-750-x,11,82,13.41%,21.34
https://www.michelinman.com/auto/manufacturers/volkswagen/arteon,11,63,17.46%,10.17
https://www.michelinman.com/auto/manufacturers/fiat/500x,11,57,19.3%,12.37
https://www.michelinman.com/motorcycle/manufacturers/triumph/tiger-850-sport,11,50,22%,24.88
https://www.michelinman.com/motorcycle/manufacturers/honda/cb1000r/cb1000r,11,26,42.31%,6.65
https://www.michelinman.com/auto/manufacturers/bmw/528i-xdrive,10,919,1.09%,22.3
https://www.michelinman.com/auto/manufacturers/bmw/428i-gran-coupe,10,711,1.41%,29.97
https://www.michelinman.com/auto/manufacturers/buick/lesabre,10,495,2.02%,19.21
https://www.michelinman.com/motorcycle/manufacturers/yamaha/mt-10/mt-10,10,455,2.2%,15.56
https://www.michelinman.com/auto/manufacturers/chevrolet/equinox-ev,10,413,2.42%,36.48
https://www.michelinman.com/auto/manufacturers/chevrolet/cobalt,10,394,2.54%,29.32
https://www.michelinman.com/motorcycle/manufacturers/harley-davidson/vrscf-v-rod-muscle/vrscf-v-rod-muscle,10,340,2.94%,37.71
https://www.michelinman.com/auto/manufacturers/mercedes-benz/c280,10,209,4.78%,30.84
https://www.michelinman.com/motorcycle/manufacturers/harley-davidson/xl-883-n-sportster-iron/xl-883-n-sportster-iron,10,194,5.15%,17.97
https://www.michelinman.com/auto/manufacturers/rivian/r1s,10,191,5.24%,25.27
https://www.michelinman.com/motorcycle/manufacturers/honda/cmx-1100-d-slash-d2-rebel/cmx-1100-d-slash-d2-rebel,10,154,6.49%,7.56
https://www.michelinman.com/auto/manufacturers/mercedes-benz/sl55-amg,10,132,7.58%,45.2
https://www.michelinman.com/motorcycle/manufacturers/honda/winner-slash-supra-gtr-slash-rs150r/winner-slash-supra-gtr-slash-rs150r,10,104,9.62%,15.53
https://www.michelinman.com/motorcycle/manufacturers/honda/cbr650f/cbr650f,10,99,10.1%,22.17
https://www.michelinman.com/motorcycle/manufacturers/bmw/m-1000-rr/m-1000-rr,10,92,10.87%,27.45
https://www.michelinman.com/motorcycle/manufacturers/triumph/thruxton-900,10,90,11.11%,12.62
https://www.michelinman.com/auto/manufacturers/mercedes-benz/g550,10,81,12.35%,15.11
https://www.michelinman.com/auto/manufacturers/bmw/230i,10,67,14.93%,8.82
https://www.michelinman.com/motorcycle/manufacturers/honda/cb300r,10,66,15.15%,6.18
https://www.michelinman.com/auto/manufacturers/lexus/rx450hl,10,62,16.13%,32.79
https://www.michelinman.com/motorcycle/manufacturers/indian/challenger/challenger,10,61,16.39%,7.7
https://www.michelinman.com/motorcycle/manufacturers/honda/cb300r/cb300r,10,61,16.39%,9.33
https://www.michelinman.com/motorcycle/manufacturers/puma,10,60,16.67%,7.83
https://www.michelinman.com/motorcycle/manufacturers/triumph/street-twin,10,51,19.61%,7.45
https://www.michelinman.com/motorcycle/manufacturers/harley-davidson/fxsts-springer-softail/fxsts-springer-softail,10,50,20%,30.94
https://www.michelinman.com/motorcycle/manufacturers/husqvarna/fe-501,10,48,20.83%,8.94
https://www.michelinman.com/motorcycle/manufacturers/vespa/et4-150,10,47,21.28%,15.85
https://www.michelinman.com/auto/manufacturers/mercedes-benz/gle580,10,40,25%,21.15
https://www.michelinman.com/motorcycle/manufacturers/kawasaki/zx-4rr/zx-4rr,10,30,33.33%,6.6
https://www.michelinman.com/auto/manufacturers/mitsubishi/outlander,9,1338,0.67%,21.41
https://www.michelinman.com/auto/manufacturers/hyundai/veloster,9,1236,0.73%,18.62
https://www.michelinman.com/auto/manufacturers/kia/sedona,9,1056,0.85%,21.45
https://www.michelinman.com/auto/manufacturers/rolls-royce/phantom,9,794,1.13%,26.97
https://www.michelinman.com/motorcycle/manufacturers/yamaha/yzf-r1,9,745,1.21%,17.83
https://www.michelinman.com/auto/manufacturers/chrysler/pt-cruiser,9,703,1.28%,23.81
https://www.michelinman.com/auto/manufacturers/buick/lucerne,9,624,1.44%,19.18
https://www.michelinman.com/motorcycle/manufacturers/harley-davidson/fxdx-dyna-super-glide-sport/fxdx-dyna-super-glide-sport,9,599,1.5%,41.75
https://www.michelinman.com/auto/manufacturers/lamborghini/huracan,9,587,1.53%,19.29
https://www.michelinman.com/auto/manufacturers/toyota/solara,9,533,1.69%,21.66
https://www.michelinman.com/auto/manufacturers/hummer/h3,9,518,1.74%,21.36
https://www.michelinman.com/motorcycle/manufacturers/harley-davidson/fxstb-softail-night-train/fxstb-softail-night-train,9,440,2.05%,41.63
https://www.michelinman.com/motorcycle/manufacturers/italika,9,330,2.73%,11.39
https://www.michelinman.com/motorcycle/manufacturers/indian/scout-sixty,9,322,2.8%,14.79
https://www.michelinman.com/auto/manufacturers/lexus/es250,9,140,6.43%,17.56
https://www.michelinman.com/motorcycle/manufacturers/bmw/f-800-gs-adventure/f-800-gs-adventure,9,135,6.67%,24.47
https://www.michelinman.com/auto/manufacturers/mercedes-benz/cls550,9,127,7.09%,16.54
https://www.michelinman.com/motorcycle/manufacturers/honda/gl-1500-se-goldwing/gl-1500-se-goldwing,9,100,9%,14.58
https://www.michelinman.com/auto/manufacturers/acura/rl,9,100,9%,16.25
https://www.michelinman.com/auto/manufacturers/mercedes-benz/c350,9,99,9.09%,14.34
https://www.michelinman.com/auto/manufacturers/lincoln/mks,9,84,10.71%,19.94
https://www.michelinman.com/auto/manufacturers/ford/f-350-super-duty-xlt,9,82,10.98%,18.57
https://www.michelinman.com/motorcycle/manufacturers/kawasaki/ninja-500-se/ninja-500-se,9,81,11.11%,8.44
https://www.michelinman.com/motorcycle/manufacturers/harley-davidson/xl-883-c-sportster-custom/xl-883-c-sportster-custom,9,76,11.84%,29.33
https://www.michelinman.com/motorcycle/manufacturers/harley-davidson/fxstd-softail-deuce/fxstd-softail-deuce,9,68,13.24%,35.57
https://www.michelinman.com/auto/manufacturers/bmw/525i,9,67,13.43%,17.15
https://www.michelinman.com/motorcycle/manufacturers/yamaha/xp-500-t-max/xp-500-t-max,9,63,14.29%,18.95
https://www.michelinman.com/auto/manufacturers/chevrolet/silverado-ev,9,49,18.37%,25.88
https://www.michelinman.com/auto/manufacturers/bmw/i3s,9,48,18.75%,29.52
https://www.michelinman.com/auto/manufacturers/mercedes-benz/560sec,9,44,20.45%,24.2
https://www.michelinman.com/motorcycle/manufacturers/kawasaki/eliminator-500/eliminator-500,9,39,23.08%,10.36
https://www.michelinman.com/auto/manufacturers/mercedes-benz/s450,9,30,30%,17.13
https://www.michelinman.com/auto/manufacturers/mercedes-benz/glk250,9,27,33.33%,9.96
https://www.michelinman.com/motorcycle/manufacturers/bmw/f-900-gs-adventure/f-900-gs-adventure,9,23,39.13%,6.3
https://www.michelinman.com/motorcycle/manufacturers/kawasaki/z1000/z1000,9,20,45%,5.8
https://www.michelinman.com/auto/manufacturers/nissan/titan,8,739,1.08%,29.68
https://www.michelinman.com/auto/manufacturers/mclaren,8,710,1.13%,11.18
https://www.michelinman.com/motorcycle/manufacturers/harley-davidson/flstc-heritage-softail-classic,8,541,1.48%,20.55
https://www.michelinman.com/motorcycle/manufacturers/yamaha/x-max-300,8,481,1.66%,13.52
https://www.michelinman.com/motorcycle/manufacturers/kawasaki/ninja-400r/ninja-400r,8,469,1.71%,25.28
https://www.michelinman.com/auto/manufacturers/mercedes-benz/c450-amg,8,468,1.71%,51.45
https://www.michelinman.com/auto/manufacturers/chevrolet/express-1500,8,455,1.76%,19.02
https://www.michelinman.com/auto/manufacturers/chrysler/crossfire,8,445,1.8%,32.33
https://www.michelinman.com/motorcycle/manufacturers/harley-davidson/xl-1200-sportster/xl-1200-sportster,8,391,2.05%,13.76
https://www.michelinman.com/auto/manufacturers/smart/fortwo,8,368,2.17%,18.69
https://www.michelinman.com/motorcycle/manufacturers/yamaha/mio-m3-125-cw,8,342,2.34%,8.99
https://www.michelinman.com/auto/manufacturers/infiniti/m37,8,342,2.34%,32.72
https://www.michelinman.com/auto/manufacturers/honda/crosstour,8,307,2.61%,27.5
https://www.michelinman.com/motorcycle/manufacturers/honda/wave-125-i,8,304,2.63%,11.79
https://www.michelinman.com/motorcycle/manufacturers/suzuki/vz-800-marauder/vz-800-marauder,8,282,2.84%,22.49
https://www.michelinman.com/motorcycle/manufacturers/honda/vtx-1300-c/vtx-1300-c,8,191,4.19%,16.15
https://www.michelinman.com/motorcycle/manufacturers/honda/cbr300r,8,180,4.44%,12.47
https://www.michelinman.com/motorcycle/manufacturers/honda/pcx150,8,173,4.62%,15.98
https://www.michelinman.com/motorcycle/manufacturers/harley-davidson/flhxs-street-glide-special/flhxs-street-glide-special,8,154,5.19%,10.68
https://www.michelinman.com/auto/manufacturers/mercedes-benz/ml320,8,147,5.44%,15.6
https://www.michelinman.com/motorcycle/manufacturers/harley-davidson/flhp-police-road-king/flhp-police-road-king,8,146,5.48%,21.72
https://www.michelinman.com/motorcycle/manufacturers/kawasaki/vn-800-vulcan/vn-800-vulcan,8,132,6.06%,18.8
https://www.michelinman.com/motorcycle/manufacturers/suzuki/gsx-r1000,8,117,6.84%,7.77
https://www.michelinman.com/motorcycle/manufacturers/honda/cbr650r,8,106,7.55%,7.59
https://www.michelinman.com/auto/manufacturers/ford/e-150-econoline,8,97,8.25%,32.74
https://www.michelinman.com/auto/manufacturers/bmw/135i,8,70,11.43%,17.36
https://www.michelinman.com/motorcycle/manufacturers/harley-davidson/flhtc-electra-glide-classic/flhtc-electra-glide-classic,8,66,12.12%,24.82
https://www.michelinman.com/auto/manufacturers/audi/s6,8,65,12.31%,12.28
https://www.michelinman.com/auto/manufacturers/porsche/carrera-gt,8,61,13.11%,16.57
https://www.michelinman.com/auto/manufacturers/infiniti/jx35,8,61,13.11%,30.84
https://www.michelinman.com/auto/manufacturers/volvo/v70,8,53,15.09%,16.96
https://www.michelinman.com/motorcycle/manufacturers/honda/nss-300-forza,8,52,15.38%,9.33
https://www.michelinman.com/motorcycle/manufacturers/kymco/ak-550/ak-550,8,52,15.38%,18.6
https://www.michelinman.com/motorcycle/manufacturers/bajaj,8,48,16.67%,6.54
https://www.michelinman.com/auto/manufacturers/mercedes-benz/glb35-amg,8,48,16.67%,38.23
https://www.michelinman.com/auto/manufacturers/ferrari/488-gtb,8,44,18.18%,16.34
https://www.michelinman.com/auto/manufacturers/ferrari/812-superfast,8,43,18.6%,25.05
https://www.michelinman.com/auto/manufacturers/ford/e-250,8,39,20.51%,13.28
https://www.michelinman.com/auto/manufacturers/bmw/m8-gran-coupe,8,33,24.24%,21.79
https://www.michelinman.com/auto/manufacturers/porsche/718-cayman,8,31,25.81%,10.74
https://www.michelinman.com/auto/manufacturers/gmc/hummer-ev,8,30,26.67%,14.87
https://www.michelinman.com/motorcycle/manufacturers/indian/chief-dark-horse,8,27,29.63%,13.41
https://www.michelinman.com/auto/manufacturers/mercedes-benz/amg-gt-s,8,16,50%,4.25
https://www.michelinman.com/motorcycle/manufacturers/harley-davidson/,7,1630,0.43%,13.5
https://www.michelinman.com/auto/manufacturers/mercedes-benz/eqe-500-suv,7,1500,0.47%,8.86
https://www.michelinman.com/auto/manufacturers/bmw/328i-xdrive,7,1155,0.61%,33.73
https://www.michelinman.com/motorcycle/manufacturers/suzuki/burgman-650/burgman-650,7,844,0.83%,33.86
https://www.michelinman.com/auto/manufacturers/mclaren/mp4-12c,7,751,0.93%,62.87
https://www.michelinman.com/motorcycle/manufacturers/yamaha/fz-07/fz-07,7,449,1.56%,21.79
https://www.michelinman.com/motorcycle/manufacturers/harley-davidson/flhtkl-electra-glide-ultra-limited-low,7,422,1.66%,9.12
https://www.michelinman.com/auto/manufacturers/tesla?tsFormate=MMYO/model-y,7,412,1.7%,11.96
https://www.michelinman.com/motorcycle/manufacturers/harley-davidson/fxdf-dyna-fat-bob,7,395,1.77%,12.72
https://www.michelinman.com/motorcycle/manufacturers/kawasaki/vn-900-classic-lt,7,337,2.08%,11.46
https://www.michelinman.com/motorcycle/manufacturers/yamaha/yz450f/yz450f,7,316,2.22%,11.78
https://www.michelinman.com/motorcycle/manufacturers/suzuki/gsx-r750,7,313,2.24%,8.27
https://www.michelinman.com/auto/manufacturers/bmw/m6,7,312,2.24%,31.86
https://www.michelinman.com/auto/manufacturers/audi/r8,7,276,2.54%,16.89
https://www.michelinman.com/motorcycle/manufacturers/ktm/390-duke,7,254,2.76%,22.04
https://www.michelinman.com/auto/manufacturers/lincoln/mkt,7,236,2.97%,24.76
https://www.michelinman.com/auto/manufacturers/mercury/milan,7,207,3.38%,21.64
https://www.michelinman.com/motorcycle/manufacturers/yamaha/yzf-600-r-thundercat/yzf-600-r-thundercat,7,200,3.5%,36.56
https://www.michelinman.com/auto/manufacturers/maserati/granturismo,7,199,3.52%,18.12
https://www.michelinman.com/motorcycle/manufacturers/indian/chief-vintage,7,189,3.7%,34.95
https://www.michelinman.com/auto/manufacturers/saab,7,180,3.89%,22.14
https://www.michelinman.com/auto/manufacturers/hyundai/genesis-coupe,7,173,4.05%,24.71
https://www.michelinman.com/auto/manufacturers/infiniti/q70,7,173,4.05%,29.52
https://www.michelinman.com/motorcycle/manufacturers/suzuki/raider-r150/raider-r150,7,150,4.67%,14.84
https://www.michelinman.com/motorcycle/manufacturers/honda/beat/beat,7,135,5.19%,11.86
https://www.michelinman.com/motorcycle/manufacturers/harley-davidson/xg500-street-500,7,129,5.43%,10.51
https://www.michelinman.com/auto/manufacturers/mercedes-benz/sl550,7,112,6.25%,44.42
https://www.michelinman.com/auto/manufacturers/acura/rlx,7,99,7.07%,22.38
https://www.michelinman.com/motorcycle/manufacturers/triumph/bonneville-t100,7,96,7.29%,8.68
https://www.michelinman.com/motorcycle/manufacturers/honda/t600-silver-wing/t600-silver-wing,7,88,7.95%,16.38
https://www.michelinman.com/motorcycle/manufacturers/harley-davidson/xl1200c-sportster-1200-custom/xl1200c-sportster-1200-custom,7,87,8.05%,19.23
https://www.michelinman.com/auto/manufacturers/ford/transit-150,7,77,9.09%,8.43
https://www.michelinman.com/motorcycle/manufacturers/yamaha/yz250f/yz250f,7,67,10.45%,9.15
https://www.michelinman.com/auto/manufacturers/mercedes-benz/cls63-amg,7,64,10.94%,27.39
https://www.michelinman.com/motorcycle/manufacturers/honda/crf150f/crf150f,7,61,11.48%,18.97
https://www.michelinman.com/auto/manufacturers/ford/excursion,7,61,11.48%,20.08
https://www.michelinman.com/auto/manufacturers/lotus,7,53,13.21%,27.34
https://www.michelinman.com/auto/manufacturers/scion/iq,7,48,14.58%,18.46
https://www.michelinman.com/motorcycle/manufacturers/moto-guzzi/v85-tt/v85-tt,7,44,15.91%,5.59
https://www.michelinman.com/motorcycle/manufacturers/harley-davidson/vrscdx-night-rod-special/vrscdx-night-rod-special,7,43,16.28%,24.63
https://www.michelinman.com/motorcycle/manufacturers/bmw/g-310-r,7,41,17.07%,8.93
https://www.michelinman.com/auto/manufacturers/mercedes-benz/300td,7,41,17.07%,34.34
https://www.michelinman.com/auto/manufacturers/pontiac/solstice,7,38,18.42%,33.53
https://www.michelinman.com/auto/manufacturers/infiniti/fx37,7,36,19.44%,17.11
https://www.michelinman.com/auto/manufacturers/mercedes-benz/slc300,7,35,20%,26
https://www.michelinman.com/auto/manufacturers/volkswagen/vanagon,7,34,20.59%,33.97
https://www.michelinman.com/motorcycle/manufacturers/triumph/tiger-sport-660,7,33,21.21%,11.09
https://www.michelinman.com/auto/manufacturers/mercedes-benz/eqs-580-suv,7,32,21.88%,14.12
https://www.michelinman.com/auto/manufacturers/mercedes-benz/amg-gt-r,7,16,43.75%,14.12
https://www.michelinman.com/auto/manufacturers/dodge/ram-1500-laramie,6,2220,0.27%,12.26
https://www.michelinman.com/auto/manufacturers/mercedes-benz/sl450,6,1338,0.45%,10.21
https://www.michelinman.com/auto/manufacturers/ferrari/488-pista-spider,6,880,0.68%,53.1
https://www.michelinman.com/motorcycle/manufacturers/harley-davidson/fltrxs-road-glide-special,6,576,1.04%,14.32
https://www.michelinman.com/auto/manufacturers/hummer/h2,6,547,1.1%,14.78
https://www.michelinman.com/motorcycle/manufacturers/harley-davidson/fxdwg-dyna-wide-glide,6,416,1.44%,27.16
https://www.michelinman.com/auto/manufacturers/hyundai/equus,6,381,1.57%,44.27
https://www.michelinman.com/auto/manufacturers/mercedes-benz/s55-amg,6,376,1.6%,33.78
https://www.michelinman.com/motorcycle/manufacturers/harley-davidson/livewire/livewire,6,285,2.11%,70.49
https://www.michelinman.com/auto/manufacturers/volkswagen/golf-alltrack,6,242,2.48%,16.51
https://www.michelinman.com/auto/manufacturers/honda/civic-del-sol,6,219,2.74%,26.87
https://www.michelinman.com/motorcycle/manufacturers/kawasaki/klx-140-slash-140l/klx-140-slash-140l,6,185,3.24%,19.17
https://www.michelinman.com/auto/manufacturers/yugo,6,149,4.03%,43.85
https://www.michelinman.com/auto/manufacturers/ford/f-250-super-duty-xl,6,134,4.48%,19.01
https://www.michelinman.com/auto/manufacturers/hyundai/elantra-gt,6,129,4.65%,36.8
https://www.michelinman.com/motorcycle/manufacturers/bmw/r-1200-gs-adventure/r-1200-gs-adventure,6,84,7.14%,14.85
https://www.michelinman.com/auto/manufacturers/toyota/celica,6,73,8.22%,28.45
https://www.michelinman.com/auto/manufacturers/acura/nsx,6,70,8.57%,21.01
https://www.michelinman.com/auto/manufacturers/hyundai/kona-n,6,68,8.82%,45.21
https://www.michelinman.com/auto/manufacturers/volvo/c70,6,66,9.09%,11.91
https://www.michelinman.com/auto/manufacturers/mercedes-benz/eqe-350-suv,6,66,9.09%,21.59
https://www.michelinman.com/auto/manufacturers/bmw/i8,6,65,9.23%,15.94
https://www.michelinman.com/auto/manufacturers/ferrari/458-italia,6,64,9.38%,19.23
https://www.michelinman.com/motorcycle/manufacturers/bmw/g-310-gs/g-310-gs,6,63,9.52%,9.79
https://www.michelinman.com/auto/manufacturers/mazda/miata,6,63,9.52%,30.38
https://www.michelinman.com/motorcycle/manufacturers/honda/crf110f/crf110f,6,60,10%,10.23
https://www.michelinman.com/auto/manufacturers/jaguar/f-type,6,55,10.91%,13.93
https://www.michelinman.com/motorcycle/manufacturers/kawasaki/ninja-1000-sx,6,55,10.91%,17.96
https://www.michelinman.com/auto/manufacturers/lexus/nx250,6,53,11.32%,22.77
https://www.michelinman.com/auto/manufacturers/hyundai/azera,6,46,13.04%,12.26
https://www.michelinman.com/auto/manufacturers/hyundai/veloster-n,6,45,13.33%,21.42
https://www.michelinman.com/auto/manufacturers/aston-martin/db11,6,44,13.64%,28.64
https://www.michelinman.com/auto/manufacturers/mercedes-benz/gle400,6,44,13.64%,28.91
https://www.michelinman.com/motorcycle/manufacturers/kawasaki/zrx-1200-all/zrx-1200-all,6,40,15%,17.2
https://www.michelinman.com/auto/manufacturers/hyundai/venue,6,38,15.79%,8.13
https://www.michelinman.com/motorcycle/manufacturers/bmw/r-1250-rt/r-1250-rt,6,38,15.79%,13.87
https://www.michelinman.com/auto/manufacturers/lexus/nx350h,6,35,17.14%,14.14
https://www.michelinman.com/auto/manufacturers/bmw/228i-gran-coupe,6,35,17.14%,18.8
https://www.michelinman.com/auto/manufacturers/ferrari/360,6,34,17.65%,16.94
https://www.michelinman.com/auto/manufacturers/ford/ranger-xlt,6,34,17.65%,23.82
https://www.michelinman.com/auto/manufacturers/mercedes-benz/gls550,6,32,18.75%,23.25
https://www.michelinman.com/auto/manufacturers/mercedes-benz/g500,6,32,18.75%,24.91
https://www.michelinman.com/auto/manufacturers/porsche/944,6,31,19.35%,10.19
https://www.michelinman.com/motorcycle/manufacturers/bmw/f-900-xr/f-900-xr,6,31,19.35%,11.97
https://www.michelinman.com/motorcycle/manufacturers/bmw/r-ninet-scrambler/r-ninet-scrambler,6,29,20.69%,17.1
https://www.michelinman.com/motorcycle/manufacturers/honda/nc-700-x,6,28,21.43%,17.04
https://www.michelinman.com/motorcycle/manufacturers/honda/cb500x,6,27,22.22%,11.81
https://www.michelinman.com/auto/manufacturers/audi/sq7,6,25,24%,7.92
https://www.michelinman.com/auto/manufacturers/bmw/320i-xdrive,6,25,24%,18.96
https://www.michelinman.com/motorcycle/manufacturers/triumph/rocket-3-r/rocket-3-r,6,24,25%,6.38
https://www.michelinman.com/motorcycle/manufacturers/suzuki/gixxer-250/gixxer-250,6,24,25%,24.17
https://www.michelinman.com/motorcycle/manufacturers/harley-davidson/fltruse-cvo-road-glide/fltruse-cvo-road-glide,6,23,26.09%,7.17
https://www.michelinman.com/motorcycle/manufacturers/kymco/people-150,6,23,26.09%,10.35
https://www.michelinman.com/auto/manufacturers/jaguar/i-pace,6,22,27.27%,7.73
https://www.michelinman.com/motorcycle/manufacturers/mv-agusta/f3-800-rc/f3-800-rc,6,22,27.27%,18.59
https://www.michelinman.com/motorcycle/manufacturers/honda/vt-700-c-shadow-us/vt-700-c-shadow-us,6,22,27.27%,28.95
https://www.michelinman.com/auto/manufacturers/ferrari/812-gts,6,21,28.57%,21.67
https://www.michelinman.com/motorcycle/manufacturers/suzuki/van-van-200/van-van-200,6,20,30%,10.5
https://www.michelinman.com/auto/manufacturers/mitsubishi/endeavor,6,20,30%,17.1
https://www.michelinman.com/motorcycle/manufacturers/triumph/bonneville-speedmaster/bonneville-speedmaster,6,19,31.58%,10.89
https://www.michelinman.com/auto/manufacturers/lexus/ls400?tsOpen,6,17,35.29%,13.24
https://www.michelinman.com/motorcycle/manufacturers/honda/nt-700v-deauville,6,17,35.29%,15.82
https://www.michelinman.com/auto/manufacturers/infiniti/qx55,6,12,50%,4.92
https://www.michelinman.com/motorcycle/manufacturers/harley-davidson/fxdc-dyna-super-glide-custom/fxdc-dyna-super-glide-custom,5,1821,0.27%,52.08
https://www.michelinman.com/auto/manufacturers/dodge/ram-1500-slt,5,552,0.91%,46.23
https://www.michelinman.com/motorcycle/manufacturers/honda/ctx-700-dct/ctx-700-dct,5,441,1.13%,36.17
https://www.michelinman.com/motorcycle/manufacturers/kawasaki/z900,5,433,1.15%,12.96
https://www.michelinman.com/motorcycle/manufacturers/kawasaki/ninja-zx-10r,5,413,1.21%,12.62
https://www.michelinman.com/motorcycle/manufacturers/harley-davidson/fxdl-dyna-low-rider,5,364,1.37%,24.35
https://www.michelinman.com/motorcycle/manufacturers/bmw/r-1200-gs,5,337,1.48%,19.44
https://www.michelinman.com/auto/manufacturers/jaguar/xf,5,336,1.49%,22.54
https://www.michelinman.com/motorcycle/manufacturers/harley-davidson/flhtcu-and-i-electra-glide-ultra-classic,5,335,1.49%,12.75
https://www.michelinman.com/auto/manufacturers/gmc/envoy,5,312,1.6%,28.47
https://www.michelinman.com/auto/manufacturers/hummer,5,309,1.62%,33.64
https://www.michelinman.com/auto/manufacturers/mclaren/senna,5,244,2.05%,10.56
https://www.michelinman.com/motorcycle/manufacturers/kawasaki/ninja-zx-6r-636,5,235,2.13%,13.36
https://www.michelinman.com/motorcycle/manufacturers/kawasaki/z650,5,232,2.16%,10.55
https://www.michelinman.com/motorcycle/manufacturers/yamaha/yzf-r3-abs/yzf-r3-abs,5,228,2.19%,18.85
https://www.michelinman.com/motorcycle/manufacturers/yamaha/xt-1200-z-super-tenere-worldcrosser/xt-1200-z-super-tenere-worldcrosser,5,228,2.19%,21.48
https://www.michelinman.com/motorcycle/manufacturers/honda/vf-750-c-magna-v45-us/vf-750-c-magna-v45-us,5,200,2.5%,17.84
https://www.michelinman.com/motorcycle/manufacturers/benelli/naked-100/naked-100,5,193,2.59%,9.65
https://www.michelinman.com/auto/manufacturers/srt,5,155,3.23%,8.88
https://www.michelinman.com/auto/manufacturers/infiniti/ex35,5,114,4.39%,19.14
https://www.michelinman.com/auto/manufacturers/pontiac/grand-prix,5,113,4.42%,21.91
https://www.michelinman.com/auto/manufacturers/buick/century,5,94,5.32%,18.19
https://www.michelinman.com/auto/manufacturers/mercedes-benz/g55-amg,5,89,5.62%,40.33
https://www.michelinman.com/motorcycle/manufacturers/mz,5,83,6.02%,8.47
https://www.michelinman.com/auto/manufacturers/mazda/5,5,78,6.41%,22.95
https://www.michelinman.com/auto/manufacturers/mitsubishi/eclipse-cross,5,77,6.49%,22.23
https://www.michelinman.com/motorcycle/manufacturers/harley-davidson/vrxse-v-rod-destroyer-screamin-eagle,5,65,7.69%,31.45
https://www.michelinman.com/motorcycle/manufacturers/honda/nc-750-x-dct,5,56,8.93%,11.95
https://www.michelinman.com/motorcycle/manufacturers/kawasaki/ninja-h2-sx-se/ninja-h2-sx-se,5,55,9.09%,31.58
https://www.michelinman.com/auto/manufacturers/fiat/124-spider,5,53,9.43%,38.94
https://www.michelinman.com/auto/manufacturers/hummer/h1,5,51,9.8%,18.29
https://www.michelinman.com/auto/manufacturers/lamborghini/aventador,5,51,9.8%,20.47
https://www.michelinman.com/auto/manufacturers/mercedes-benz/cls500,5,51,9.8%,25.1
https://www.michelinman.com/auto/manufacturers/mercedes-benz/s65-amg,5,50,10%,29.9
https://www.michelinman.com/motorcycle/manufacturers/bmw/r-ninet-pure,5,49,10.2%,20.1
https://www.michelinman.com/auto/manufacturers/ford/f-150-fx4,5,49,10.2%,23.9
https://www.michelinman.com/motorcycle/manufacturers/honda/cbr1000rr/cbr1000rr,5,46,10.87%,9.8
https://www.michelinman.com/auto/manufacturers/volkswagen/cc,5,46,10.87%,21.72
https://www.michelinman.com/auto/manufacturers/pontiac/vibe,5,45,11.11%,14.56
https://www.michelinman.com/auto/manufacturers/mercedes-benz/cls400,5,45,11.11%,29.87
https://www.michelinman.com/motorcycle/manufacturers/yamaha/xmax-300-tech-max/xmax-300-tech-max,5,43,11.63%,5.98
https://www.michelinman.com/auto/manufacturers/chevrolet/traverse-limited,5,43,11.63%,17.37
https://www.michelinman.com/auto/manufacturers/mercedes-benz/c320,5,37,13.51%,11.7
https://www.michelinman.com/auto/manufacturers/bmw/318i,5,36,13.89%,13.31
https://www.michelinman.com/motorcycle/manufacturers/suzuki/v-strom-650xt-abs/v-strom-650xt-abs,5,35,14.29%,15.51
https://www.michelinman.com/auto/manufacturers/volvo/v50,5,33,15.15%,12.3
https://www.michelinman.com/motorcycle/manufacturers/yamaha/fzr-600-genesis,5,32,15.62%,26.16
https://www.michelinman.com/auto/manufacturers/volvo/s80,5,32,15.62%,30.69
https://www.michelinman.com/motorcycle/manufacturers/husqvarna,5,28,17.86%,18.5
https://www.michelinman.com/motorcycle/manufacturers/yamaha/yp-majesty-400,5,28,17.86%,20.39
https://www.michelinman.com/motorcycle/manufacturers/harley-davidson/xg750a-street-rod/xg750a-street-rod,5,27,18.52%,15.33
https://www.michelinman.com/motorcycle/manufacturers/honda/nc-750-x,5,26,19.23%,9.73
https://www.michelinman.com/motorcycle/manufacturers/kymco/people-150/people-150,5,25,20%,8.12
https://www.michelinman.com/auto/manufacturers/mercedes-benz/s350,5,25,20%,30.36
https://www.michelinman.com/auto/manufacturers/lexus/gs-f,5,24,20.83%,14
https://www.michelinman.com/auto/manufacturers/audi/s5-sportback,5,23,21.74%,11.3
https://www.michelinman.com/motorcycle/manufacturers/kymco/downtown-350i,5,23,21.74%,16.13
https://www.michelinman.com/motorcycle/manufacturers/yamaha/xsr-900-abs,5,22,22.73%,7
https://www.michelinman.com/motorcycle/manufacturers/kawasaki/w800/w800,5,22,22.73%,8.55
https://www.michelinman.com/motorcycle/manufacturers/honda/gl-500-silver-wing-slash-interstate/gl-500-silver-wing-slash-interstate,5,22,22.73%,21.14
https://www.michelinman.com/auto/manufacturers/audi/a5-quattro,5,20,25%,14.65
https://www.michelinman.com/motorcycle/manufacturers/harley-davidson/flstn-1340-softail-heritage-special/flstn-1340-softail-heritage-special,5,19,26.32%,8.21
https://www.michelinman.com/motorcycle/manufacturers/honda/nx-250-dominator,5,17,29.41%,11.47
https://www.michelinman.com/auto/manufacturers/mercedes-benz/eqe-350-plus,5,16,31.25%,8.75
https://www.michelinman.com/auto/manufacturers/bmw/i7,5,15,33.33%,12.73
https://www.michelinman.com/auto/manufacturers/ford/gt,5,14,35.71%,8.71
https://www.michelinman.com/motorcycle/manufacturers/sym/citycom-300i,5,14,35.71%,29.71
https://www.michelinman.com/auto/manufacturers/mercedes-benz/amg-gt-r-pro,5,12,41.67%,14.25
https://www.michelinman.com/motorcycle/manufacturers/kawasaki/ninja-500/ninja-500?tsOpen,5,11,45.45%,9.45
https://www.michelinman.com/motorcycle/manufacturers/suzuki/dr-650,5,10,50%,7.2
https://www.michelinman.com/auto/manufacturers/nissan/z,5,8,62.5%,5.88
https://www.michelinman.com/auto/manufacturers/dodge/hornet,5,8,62.5%,6
https://www.michelinman.com/auto/manufacturers/tesla/roadster,4,14155,0.03%,9.54
https://www.michelinman.com/auto/manufacturers/jeep/cherokee,4,2418,0.17%,11.72
https://www.michelinman.com/motorcycle/manufacturers/vepe,4,851,0.47%,11.14
https://www.michelinman.com/auto/manufacturers/bmw/528i,4,738,0.54%,12.82
https://www.michelinman.com/auto/manufacturers/Lexus,4,697,0.57%,14.62
https://www.michelinman.com/auto/manufacturers/mercedes-benz/gl350,4,507,0.79%,10.22
https://www.michelinman.com/motorcycle/manufacturers/honda/tmx-155/tmx-155,4,479,0.84%,13.39
https://www.michelinman.com/auto/manufacturers/ford/explorer-sport-trac,4,464,0.86%,44.36
https://www.michelinman.com/motorcycle/manufacturers/yamaha/xtz-125,4,452,0.88%,10.78
https://www.michelinman.com/motorcycle/manufacturers/harley-davidson/flhrc-road-king-classic,4,343,1.17%,21.32
https://www.michelinman.com/motorcycle/manufacturers/harley-davidson/fxd-dyna-super-glide/fxd-dyna-super-glide,4,257,1.56%,42.75
https://www.michelinman.com/motorcycle/manufacturers/yamaha/xv-1700-road-star-warrior,4,175,2.29%,28.95
https://www.michelinman.com/auto/manufacturers/chevrolet/astro,4,174,2.3%,17.05
https://www.michelinman.com/auto/manufacturers/bmw?tsFormate=MMYO/x1/m4/m5/330i-xdrive/m3/x7/330i/330i-xdrive/m3/328i/x7/328i/330i/i3/328i/330i/x1/i3,4,153,2.61%,8.52
https://www.michelinman.com/motorcycle/manufacturers/suzuki/v-strom-dl650,4,135,2.96%,10.27
https://www.michelinman.com/motorcycle/manufacturers/senke-motor,4,128,3.12%,10.85
https://www.michelinman.com/motorcycle/manufacturers/honda/vtx-1300-r/vtx-1300-r,4,120,3.33%,19.96
https://www.michelinman.com/motorcycle/manufacturers/yamaha/fjr-1300-as,4,108,3.7%,9.61
https://www.michelinman.com/motorcycle/manufacturers/buell,4,108,3.7%,30.56
https://www.michelinman.com/motorcycle/manufacturers/honda/ctx-1300/ctx-1300,4,100,4%,40.2
https://www.michelinman.com/auto/manufacturers/lexus/ls400,4,98,4.08%,12.29
https://www.michelinman.com/auto/manufacturers/ford/f-350-super-duty-king-ranch,4,98,4.08%,51.36
https://www.michelinman.com/auto/manufacturers/mercury/mountaineer,4,90,4.44%,22.18
https://www.michelinman.com/auto/manufacturers/cadillac/sts,4,89,4.49%,39.61
https://www.michelinman.com/motorcycle/manufacturers/kawasaki/kz-440-ltd-us/kz-440-ltd-us,4,88,4.55%,33.98
https://www.michelinman.com/motorcycle/manufacturers/suzuki/sfv-650-gladius/sfv-650-gladius,4,81,4.94%,45.84
https://www.michelinman.com/auto/manufacturers/mercedes-benz/slk280,4,79,5.06%,32.43
https://www.michelinman.com/motorcycle/manufacturers/honda/vtx-1300-r,4,72,5.56%,17.14
https://www.michelinman.com/motorcycle/manufacturers/honda/st-1300-pan-european,4,72,5.56%,22.24
https://www.michelinman.com/motorcycle/manufacturers/harley-davidson/xl1200n-sportster-nightster/xl1200n-sportster-nightster,4,71,5.63%,27.69
https://www.michelinman.com/auto/manufacturers/buick/verano,4,70,5.71%,20.63
https://www.michelinman.com/auto/manufacturers/audi/q5-phev,4,69,5.8%,33.88
https://www.michelinman.com/auto/manufacturers/rolls-royce/ghost,4,63,6.35%,19
https://www.michelinman.com/auto/manufacturers/jaguar/s-type,4,58,6.9%,29.74
https://www.michelinman.com/motorcycle/manufacturers/yamaha/nmax155/nmax155,4,51,7.84%,7.69