Requêtes les plus fréquentes,Clics,Impressions,CTR,Position
tesla model 3 tires,190,7392,2.57%,9.6
tesla tires,115,74083,0.16%,10.1
michelin motorcycle tires,113,9438,1.2%,1.46
tesla model y tires,111,7516,1.48%,9.59
best tires for tesla model y,77,3180,2.42%,7.14
tires for tesla model 3,63,2598,2.42%,6.79
tires for tesla model y,63,1406,4.48%,4.85
michelin tesla tires,58,2445,2.37%,1.47
tesla michelin tires,58,1935,3%,1.47
michelin goldwing tires,47,146,32.19%,3.4
michelin tires for tesla model y,44,221,19.91%,2.02
porsche macan tires,43,460,9.35%,2.97
lexus tires,35,7234,0.48%,6.12
porsche cayenne tires,35,398,8.79%,3.57
bmw x7 tires,34,692,4.91%,4.52
michelin tires tesla model 3,34,156,21.79%,1.98
tesla model s tires,32,1267,2.53%,4.71
bmw x3 tires,31,1533,2.02%,8.12
porsche tires,30,8518,0.35%,4.81
tesla tires model 3,30,2939,1.02%,13.04
audi q5 tires,30,1117,2.69%,6.62
tesla model 3 michelin tires,30,224,13.39%,2.8
tesla tires model y,29,2711,1.07%,10.89
michelin tesla model 3 tires,29,105,27.62%,1.66
tesla approved tires,27,4325,0.62%,9.1
bmw x5 tires,27,1871,1.44%,7.2
michelin run flat tires bmw,27,966,2.8%,1.63
michelin tires for tesla model 3,26,135,19.26%,2.27
model y tires,25,1390,1.8%,9.23
michelin tires for lexus rx 350,25,509,4.91%,4.68
tesla tire,24,8238,0.29%,10.08
michelin tires for honda crv,24,1352,1.78%,6.43
gr86 tires,24,384,6.25%,5.06
michelin tires for tesla,23,261,8.81%,1
michelin crossclimate 2 tesla model y,22,355,6.2%,4.92
tesla model y michelin tires,22,96,22.92%,1.16
toyota rav4 tires,21,2147,0.98%,8.93
tesla model 3 tire,21,1561,1.35%,12.69
bmw tires,20,13634,0.15%,13.25
ninja 400 tires,20,707,2.83%,5.94
bmw ix tires,20,362,5.52%,3.55
michelin porsche tires,20,217,9.22%,1.32
porsche 911 tires,20,197,10.15%,2.79
genesis g70 tires,20,162,12.35%,2.88
rav4 tires,19,6730,0.28%,6.75
model 3 tires,19,815,2.33%,7.07
vespa tires,19,191,9.95%,5.08
ninja 300 tires,19,180,10.56%,2.53
michelin tires for honda click 125i,19,129,14.73%,1.91
jeep grand cherokee tires,18,2251,0.8%,8.22
tesla y tires,18,1436,1.25%,9.33
rolls royce tires,18,216,8.33%,3.63
bmw m340i tires,18,177,10.17%,5.79
tesla model 3 tires michelin,18,125,14.4%,2.05
michelin primacy t0 tesla,17,461,3.69%,1.95
michelin bmw tires,17,343,4.96%,1.27
michelin,17,282,6.03%,1.91
elantra n tires,17,269,6.32%,3.82
volvo xc40 tires,17,205,8.29%,2.45
acura tires,16,1527,1.05%,5.81
volvo xc90 tires,16,1119,1.43%,5.36
best tire for tesla model y,16,388,4.12%,6.29
michelin tires for rav4,16,298,5.37%,6.49
lexus rx 350 tires michelin,16,291,5.5%,6.09
ninja 650 tires,16,217,7.37%,3.77
honda tires,15,13395,0.11%,11.08
tires for jeep grand cherokee,15,1631,0.92%,7.06
subaru crosstrek tires,15,1204,1.25%,5.9
lexus rx350 tires,15,764,1.96%,4.3
best tires for model y,15,514,2.92%,7.52
lexus rx 350 tires,15,420,3.57%,4.78
kawasaki tires,15,386,3.89%,3.23
yamaha r6 tires,15,293,5.12%,3.9
michelin tires for mercedes gle 350,15,218,6.88%,3.88
michelin tires for lexus es350,15,136,11.03%,7.46
land rover defender tires,15,121,12.4%,3.9
michelin tires tesla model y,15,52,28.85%,1.08
harley davidson tires,14,1817,0.77%,8.54
michelin tires for honda accord,14,1164,1.2%,5.29
kia soul tires,14,1003,1.4%,4.88
tires for lexus rx 350,14,572,2.45%,5.41
subaru ascent tires,14,524,2.67%,5.7
best tires for bmw x3,14,401,3.49%,5.51
michelin harley tires,14,168,8.33%,4.33
bmw m5 tires,14,113,12.39%,4.28
mercedes gla 250 tires,14,81,17.28%,1.16
honda grom tires,13,2042,0.64%,11.99
chevy bolt tires,13,1078,1.21%,10.13
best tires for tesla model s,13,779,1.67%,6.04
kia k5 tires,13,666,1.95%,6.69
honda passport tires,13,274,4.74%,4.4
tires for lexus nx 300,13,127,10.24%,3.28
michelin tires for ford explorer,13,122,10.66%,3.26
ktm duke 390 tires,13,40,32.5%,2
corvette tires,12,1112,1.08%,7.63
bmw i4 tires,12,289,4.15%,9.58
michelin tires toyota corolla,12,190,6.32%,4
tires for tesla model s,12,169,7.1%,4.59
michelin tires for subaru outback,12,118,10.17%,1.69
michelin tesla model y tires,12,66,18.18%,1.27
macan tires,12,64,18.75%,1.72
michelin tire for mio i 125,12,61,19.67%,3.98
mercedes a220 tires,12,59,20.34%,1.81
tesla all season tires,11,1775,0.62%,7.12
best tires for subaru forester,11,1430,0.77%,9.73
michelin tire finder,11,1171,0.94%,3.4
tesla 3 tires,11,984,1.12%,12.5
toyota highlander tires,11,865,1.27%,8.05
michelin tires for toyota highlander,11,787,1.4%,5.68
michelin tires for toyota rav4 price,11,530,2.08%,7.25
best tires for subaru ascent,11,478,2.3%,6.87
acura rdx tires,11,452,2.43%,5.98
genesis tires,11,420,2.62%,5.55
bmw 330i tires,11,352,3.12%,4.72
honda michelin tires,11,289,3.81%,2.19
ioniq 5 tires,11,289,3.81%,4.73
tesla model y all season tires,11,225,4.89%,3.96
kia niro tires,11,191,5.76%,5.4
m340i tires,11,186,5.91%,6.26
honda rebel 500 tires,11,166,6.63%,6.8
michelin tires for chevy equinox,11,115,9.57%,4.64
cadillac xt6 tires,11,90,12.22%,2.08
michelin tires lexus rx 350,11,75,14.67%,2.8
mustang tires,10,2570,0.39%,9.91
nissan rogue tires,10,2070,0.48%,7.24
ev tires for tesla,10,1982,0.5%,7.69
tesla model y tire,10,1702,0.59%,10.37
mazda cx5 tires,10,1560,0.64%,10.71
tires for honda crv,10,1005,1%,9.83
jeep compass tires,10,878,1.14%,5.62
prius tires,10,748,1.34%,9.3
kia telluride tires,10,700,1.43%,6.33
best tires for honda ridgeline,10,384,2.6%,8.5
michelin tires for toyota corolla,10,241,4.15%,3.03
best michelin tires for lexus es350,10,184,5.43%,3.78
genesis gv70 tires,10,153,6.54%,3.54
lexus es 350 tires,10,150,6.67%,3.29
cadillac xt5 tires,10,137,7.3%,3.08
genesis gv80 tires,10,135,7.41%,2.13
michelin tires honda civic,10,103,9.71%,2.74
hyundai elantra n tires,10,79,12.66%,3.78
michelin tire for honda click 125i,10,65,15.38%,3.03
michelin tires for toyota rav4,10,64,15.62%,3.53
tesla model y tires all season,10,56,17.86%,2.21
tesla model y performance tires michelin,10,47,21.28%,1.13
rolls royce tire,10,44,22.73%,3.84
best michelin tires for subaru outback,10,34,29.41%,5.35
tires for tesla,9,5340,0.17%,7.9
harley tires,9,1641,0.55%,9.05
honda odyssey tires,9,1246,0.72%,9.53
best tires for honda accord,9,974,0.92%,9.63
honda pilot tires,9,917,0.98%,10.4
michelin tire selector,9,845,1.07%,2.56
tires for volvo xc90,9,762,1.18%,4.58
best tires for honda odyssey,9,719,1.25%,9.97
tires for audi q5,9,396,2.27%,6.65
toyota prius tires,9,395,2.28%,6.87
bmw michelin tires,9,387,2.33%,2.04
chevy tahoe tires,9,383,2.35%,6.87
tires for lexus,9,376,2.39%,3.31
ford fiesta tires,9,348,2.59%,5.24
audi a3 tires,9,307,2.93%,7.68
tires for lexus es350,9,305,2.95%,3.66
honda rebel 250 tires,9,293,3.07%,4.15
best all season tires for tesla model y,9,292,3.08%,6.73
michelin tires for honda civic,9,280,3.21%,4.44
kia stinger tires,9,270,3.33%,3.97
audi a6 tires,9,269,3.35%,6.28
michelin tires for toyota camry,9,235,3.83%,5.24
r6 tires,9,205,4.39%,3
porsche michelin tires,9,177,5.08%,1.19
michelin moe tires,9,176,5.11%,2.28
supra tires,9,167,5.39%,4.12
brz tires,9,123,7.32%,7.85
dodge viper tires,9,107,8.41%,3.9
toyota camry michelin tires,9,95,9.47%,4
cadillac ct5 tires,9,90,10%,1.78
michelin corvette tires,9,84,10.71%,1.39
kawasaki ninja 650 tires,9,68,13.24%,3.06
tesla model y performance michelin tires,9,65,13.85%,3.4
toyota gr86 tires,9,58,15.52%,4.07
michelin tires for toyota prius,9,58,15.52%,4.71
lc500 tires,9,54,16.67%,2.65
model y michelin tires,9,51,17.65%,1.55
michelin tires for lexus gx 460,9,46,19.57%,1.37
mercedes eqs tires,9,38,23.68%,2.42
c63s tires,9,30,30%,1.77
honda transalp 750 tires,9,23,39.13%,4.43
honda accord tires,8,2525,0.32%,13.17
4runner tires,8,2031,0.39%,9.32
ford explorer tires,8,1647,0.49%,8.77
tesla model x tires,8,1111,0.72%,7.98
subaru outback tires,8,1078,0.74%,9.73
tires for bmw x5,8,869,0.92%,8.03
id4 tires,8,686,1.17%,7.8
toyota sienna tires,8,613,1.31%,4.84
cybertruck tires,8,609,1.31%,11.52
tires for mazda cx 5,8,590,1.36%,9.97
honda hrv tires,8,580,1.38%,7.77
toyota rav 4 tires,8,542,1.48%,8.08
best tires for lexus es350,8,410,1.95%,6.84
volvo xc60 tires,8,368,2.17%,6.42
tires for rav4,8,353,2.27%,8.99
honda motorcycle tires,8,252,3.17%,5.6
indian motorcycle tires,8,250,3.2%,5.38
tire for tesla model y,8,240,3.33%,5.62
audi q8 tires,8,234,3.42%,6.31
tires for volvo xc60,8,211,3.79%,4.82
michelin - pilot sport all season 4 tesla model y,8,177,4.52%,4.73
michelin tires for honda pilot,8,173,4.62%,6.62
tesla tires michelin,8,154,5.19%,1.04
michelin defender 2 tesla model 3,8,150,5.33%,5.4
bmw m3 tires,8,139,5.76%,4.42
michelin pilot sport all season 4 tesla model y,8,135,5.93%,5.27
michelin tires for honda odyssey,8,126,6.35%,7.73
michelin tires for bmw x5,8,124,6.45%,2.27
bmw x5 michelin tires,8,123,6.5%,3.07
honda accord michelin tires,8,116,6.9%,4.16
z125 tires,8,109,7.34%,4.02
michelin tires for ford f150,8,105,7.62%,4.99
kawasaki ninja tires,8,86,9.3%,3.8
rav4 michelin tires,8,86,9.3%,5.77
best tires for bmw x7,8,85,9.41%,5.88
michelin primacy tesla model 3,8,75,10.67%,3.47
michelin tires for ford escape,8,74,10.81%,2.42
tires subaru crosstrek,8,68,11.76%,6.06
michelin tires for porsche 911,8,65,12.31%,2.23
michelin tires for subaru forester,8,59,13.56%,1.85
gla 250 tires,8,56,14.29%,1.7
michelin harley davidson tyres,8,52,15.38%,3.25
michelin tires for bmw x3,8,35,22.86%,1.69
michelin tires for aerox 155,8,34,23.53%,4.74
audi tires,7,2663,0.26%,12.89
michelin tires toyota highlander,7,1599,0.44%,9.64
tires for nissan rogue,7,759,0.92%,11.13
kia forte tires,7,625,1.12%,5.03
honda fit tires,7,581,1.2%,9.17
tires for subaru crosstrek,7,540,1.3%,7.74
michelin tires for jeep grand cherokee,7,360,1.94%,3.97
kia sportage tires,7,322,2.17%,9.18
alfa romeo tires,7,322,2.17%,9.62
nissan leaf tires,7,278,2.52%,6.94
tires tesla model y,7,189,3.7%,7.49
michelin jeep tires,7,182,3.85%,1.6
lexus es350 tires,7,133,5.26%,3.78
tesla approved tires model 3,7,133,5.26%,8.1
best michelin tires for lexus rx350,7,123,5.69%,5.04
tesla michelin,7,109,6.42%,2.72
michelin mercedes tires,7,96,7.29%,1.62
michelin tires for audi q5,7,94,7.45%,2.47
michelin tires for cadillac xt5,7,84,8.33%,1.94
harley davidson michelin tires,7,80,8.75%,1.32
tires for bmw 330i,7,79,8.86%,4.53
michelin tires for ford edge,7,73,9.59%,2.75
michelin tires for acura rdx,7,72,9.72%,1.72
best michelin tires for f150,7,72,9.72%,3.83
ducati scrambler tires,7,64,10.94%,3.05
michelin porsche,7,59,11.86%,2.95
all season tires for tesla model y,7,54,12.96%,3.85
michelin tires for nissan rogue,7,52,13.46%,4.4
lincoln corsair tires,7,51,13.73%,2
mercedes sprinter tires,7,51,13.73%,3.2
bmw ix tire,7,45,15.56%,3.27
mercedes benz gla 250 tires,7,42,16.67%,2.26
michelin pilot sport tesla model 3,7,40,17.5%,2.98
toyota tires sale,7,39,17.95%,2.03
kymco tires,7,39,17.95%,2.21
gv70 tires,7,35,20%,3.63
volvo tires xc40,7,31,22.58%,3.03
benelli tires,7,29,24.14%,2.38
michelin tires for kia telluride,7,24,29.17%,1.25
indian challenger tires,7,24,29.17%,3.83
michelin tires for subaru crosstrek,7,13,53.85%,1.54
lincoln tires,6,2323,0.26%,9.17
honda civic tires,6,2294,0.26%,12.52
honda crv tires,6,1608,0.37%,10.15
best tires for audi q5,6,1365,0.44%,9.48
ford ranger tires,6,1144,0.52%,10.33
yamaha tires,6,1019,0.59%,11.1
tires for bmw x3,6,983,0.61%,8.37
bmw i3 tires,6,816,0.74%,10.98
tires for acura mdx,6,762,0.79%,6.26
tnt tire,6,679,0.88%,9.33
rav 4 tires,6,632,0.95%,7.9
toyota 4runner tires,6,622,0.96%,8.23
kia sorento tires,6,526,1.14%,8.7
tires for ram 1500,6,498,1.2%,11.14
toyota rav4 tires price,6,459,1.31%,9.56
smart car tires,6,435,1.38%,8.22
audi q3 tires,6,425,1.41%,8.62
michelin wrangler tires,6,382,1.57%,3.7
model y tire,6,344,1.74%,9.55
michelin tires honda accord,6,336,1.79%,5.34
highlander tires,6,264,2.27%,6.16
best tires for volvo xc60,6,253,2.37%,8.58
best tires for tesla model y long range,6,217,2.76%,8
bmw m4 tires,6,178,3.37%,3.15
bmw x3 tire,6,177,3.39%,7.44
tire for tesla model 3,6,171,3.51%,5.24
tires for model y,6,168,3.57%,6.32
tires for buick enclave,6,167,3.59%,4.9
best tires for cadillac xt5,6,149,4.03%,5.81
tiguan tires,6,148,4.05%,6.89
best tires for lexus nx 300,6,148,4.05%,9.83
tires for cadillac xt5,6,144,4.17%,4.13
tires for tesla model y performance,6,140,4.29%,7.3
hyundai ioniq 5 tires,6,138,4.35%,4.15
best ev tires for model y,6,127,4.72%,6.8
tires for honda fit,6,122,4.92%,9.11
street glide tires,6,121,4.96%,6.07
michelin tires rav4,6,120,5%,4.82
tesla model s tire,6,115,5.22%,3.84
tires for lexus gx460,6,105,5.71%,7.5
michelin tires for prius,6,99,6.06%,6.22
michelin primacy tesla,6,94,6.38%,4.15
m4 tires,6,92,6.52%,2.47
pan america tires,6,91,6.59%,5.41
michelin tires for camry,6,86,6.98%,4.06
michelin tires for toyota sienna,6,83,7.23%,4.2
crossclimate 2 tesla model y,6,82,7.32%,5.87
honda rebel tires,6,79,7.59%,4.8
best tires for cadillac xt4,6,75,8%,4.45
mercedes gle 350 tires,6,72,8.33%,3.43
michelin tires for silverado 1500,6,67,8.96%,5.03
best tires for chevy blazer,6,67,8.96%,5.88
bmw x7 tire,6,66,9.09%,4.21
best tires for mustang mach e,6,63,9.52%,9.24
yamaha tire,6,62,9.68%,3.52
elantra n stock tires,6,60,10%,5.1
michelin crossclimate2 tesla model y,6,59,10.17%,3.22
michelin tires tesla,6,57,10.53%,1
michelin tires for hyundai tucson,6,56,10.71%,2.62
model y all season tires,6,56,10.71%,5.09
polestar tires,6,55,10.91%,3.73
michelin crossclimate 2 for tesla model y,6,54,11.11%,3.81
z400 tires,6,51,11.76%,2.31
g63 tires,6,50,12%,3.04
ford transit 350 tires,6,49,12.24%,1.29
tires bmw x5,6,49,12.24%,6
toyota rav4 michelin tires,6,48,12.5%,5.21
tires for lexus rx 450h hybrid,6,47,12.77%,1.79
vespa tire,6,44,13.64%,3
tesla.model 3 tires,6,44,13.64%,4.59
best tires for model y 19 inch,6,44,13.64%,7.36
tires for gla 250,6,40,15%,1.3
model 3 michelin tires,6,39,15.38%,3.87
michelin tires for corvette,6,36,16.67%,1
michelin tires for volvo xc60,6,34,17.65%,2
best tesla y tires,6,33,18.18%,6.55
best tires for 2015 lexus rx 350,6,32,18.75%,6
royal enfield tires,6,31,19.35%,1.39
mercedes glb tires,6,31,19.35%,2.35
hyundai ioniq 5 tire,6,25,24%,4.52
defender 110 tires,6,17,35.29%,2.65
ioniq 5 michelin tires,6,13,46.15%,3
motorcycle tires,5,30975,0.02%,9.15
gmc tires,5,4000,0.12%,22.02
toyota tires,5,2745,0.18%,15.36
tnt tires,5,1551,0.32%,9.57
best tires for honda crv,5,1135,0.44%,13.58
tires for honda accord,5,1079,0.46%,10.78
bmw x1 tires,5,878,0.57%,8.18
porsche tire,5,856,0.58%,10.03
toyota tundra tires,5,711,0.7%,9.83
tires for bmw x1,5,621,0.81%,6
tires for porsche cayenne,5,620,0.81%,2.7
camaro tires,5,589,0.85%,10.55
audi q7 tires,5,560,0.89%,11.1
tires for toyota highlander,5,526,0.95%,8
best tires for toyota rav4,5,500,1%,9.84
crv tires,5,495,1.01%,8.59
honda ridgeline tires,5,489,1.02%,8.54
viper tires,5,480,1.04%,8.81
hyundai tucson tires,5,435,1.15%,9.43
best tires for kia telluride,5,323,1.55%,8.18
mach e tires,5,315,1.59%,9.64
model y performance tires,5,261,1.92%,9.43
michelin crosstrek,5,252,1.98%,4.88
best tires for acura rdx,5,246,2.03%,9.83
volvo s60 tires,5,245,2.04%,8.75
tires for chrysler 200,5,229,2.18%,9.47
michelin tires toyota camry,5,221,2.26%,4.85
cadillac escalade tires,5,219,2.28%,6.23
lexus michelin tires,5,182,2.75%,3.58
acura tlx tires,5,176,2.84%,6.75
tires for acura rdx,5,174,2.87%,5.98
tesla model y long range tires,5,170,2.94%,6.91
prius tire,5,166,3.01%,8.63
lexus gx 460 tires,5,162,3.09%,5.3
tires tesla model 3,5,156,3.21%,6.85
lexus tires rx350,5,134,3.73%,4.92
tires for audi q3,5,131,3.82%,8.72
kawasaki ninja 400 tires,5,123,4.07%,6.02
michelin tires for toyota avalon,5,111,4.5%,4.51
honda cr v michelin tires,5,108,4.63%,4.79
porsche taycan tires,5,105,4.76%,6.09
tires for mercedes gla 250,5,99,5.05%,2.43
best tires for mazda cx-30,5,90,5.56%,5.83
rdx tires,5,83,6.02%,4.89
tires by car model,5,82,6.1%,4.68
michelin tires for f150,5,80,6.25%,3.4
toyota supra tires,5,78,6.41%,3.67
gv70 tire size,5,70,7.14%,5.99
tires for bmw x7,5,69,7.25%,3.59
best tires for lexus rx450h,5,68,7.35%,8.29
ducati tires,5,67,7.46%,3.43
triumph tires,5,61,8.2%,1.61
lexus es300h tire size,5,61,8.2%,5.95
buick envision tires,5,59,8.47%,4.25
michelin tires for acura mdx,5,57,8.77%,1.82
michelin tires for lexus rx350,5,57,8.77%,2.07
best tires for cadillac xt6,5,57,8.77%,4.46
range rover velar tires,5,51,9.8%,3.55
best michelin tires for rav4,5,51,9.8%,7.53
best tires for lincoln nautilus,5,48,10.42%,4.06
bmw 650i tires,5,47,10.64%,1.6
best michelin tires for tesla model 3,5,44,11.36%,1.91
motorcycle tires by model,5,43,11.63%,1.42
tires for cadillac xt6,5,43,11.63%,1.77
michelin tire for click 125i,5,43,11.63%,2.63
lexus rx450h tires,5,42,11.9%,1.81
mercedes glb 250 tires,5,42,11.9%,2.52
lexus ux 250h tires,5,42,11.9%,4.29
kawasaki ninja 300 tires,5,41,12.2%,1.85
michelin power pure grom,5,41,12.2%,5.54
lexus nx300 tires,5,39,12.82%,3.49
best tires for subaru forester 2017,5,39,12.82%,5.44
all season tires for tesla model 3,5,38,13.16%,5.05
audi a5 sportback tires,5,37,13.51%,1.41
volvo xc 90 tires,5,37,13.51%,3.76
best tires for bmw i4,5,36,13.89%,6.78
michelin pilot sport tesla model y,5,35,14.29%,2.14
michelin harley davidson,5,35,14.29%,4.91
michelin mustang tires,5,32,15.62%,1.25
honda adv tires,5,32,15.62%,4.84
cross climate 2 model y,5,32,15.62%,5.53
gle 53 amg tires,5,31,16.13%,1.06
michelin tiger,5,31,16.13%,4.42
michelin tesla model y,5,30,16.67%,4.87
michelin tires for porsche cayenne,5,28,17.86%,2.14
tires for tesla 3,5,27,18.52%,4.07
bmw i4 tire,5,26,19.23%,7.62
motorcycle tire manufacturers,5,25,20%,3.36
tires for lexus ux 250h,5,25,20%,6
honda adv 150 tires,5,23,21.74%,3.09
yamaha tyres,5,22,22.73%,4.09
porsche 911 tire,5,21,23.81%,2.57
audi q8 tire,5,20,25%,4.3
volvo xc40 tire,5,15,33.33%,2.73
mercedes eqs tire size,5,14,35.71%,3.14
best tires for ford f150 4x4 all-season,5,8,62.5%,4.5
mercedes tires,4,3052,0.13%,12.47
cadillac tires,4,2997,0.13%,13.22
tesla model y performance tires,4,1767,0.23%,11.05
bmw tire,4,1459,0.27%,12.25
mercedes benz tires,4,1451,0.28%,12.32
volvo tires,4,1261,0.32%,12.5
acura mdx tires,4,1242,0.32%,9.84
tires for subaru outback,4,1044,0.38%,9.84
tires for toyota rav4,4,933,0.43%,7.98
avalon tires,4,837,0.48%,8.77
mercedes c300 tires,4,805,0.5%,9.39
subaru forester tires,4,759,0.53%,12.25
best tires for rav4,4,527,0.76%,10.16
geo tires,4,498,0.8%,9.99
mazda 3 tires,4,473,0.85%,12.76
mitsubishi tires,4,388,1.03%,10.04
tires for f150,4,350,1.14%,11.31
toyota corolla tires,4,317,1.26%,15.79
ford expedition tires,4,298,1.34%,7.5
best tires for subaru impreza,4,291,1.37%,9.7
wrx tires,4,286,1.4%,7.73
suburban tires,4,282,1.42%,6.67
lexus rx 350 tires prices,4,274,1.46%,8.56
tires for kia sorento,4,264,1.52%,10.21
best tires for subaru legacy,4,245,1.63%,8.57
tires for harley davidson,4,240,1.67%,10.71
tires for nissan pathfinder,4,238,1.68%,10.93
best tires for lexus rx 350,4,225,1.78%,9.85
best tires for lexus gx 460,4,222,1.8%,8.27
michelin tires for jeep wrangler,4,221,1.81%,3.76
michelin tires jeep grand cherokee,4,221,1.81%,3.85
best tires for volvo xc90,4,221,1.81%,8.91
toyota venza tires,4,210,1.9%,6.61
best tesla model y tires,4,210,1.9%,9.3
bmw x5 tire,4,206,1.94%,6.39
tires for ford edge,4,204,1.96%,6.21
best tires for chrysler pacifica,4,203,1.97%,9.67
toyota avalon tires,4,199,2.01%,5.98
polestar 2 tires,4,197,2.03%,8.58
f150 tires,4,195,2.05%,26.23
kia soul tire,4,191,2.09%,5.08
tires jeep grand cherokee,4,189,2.12%,7.13
yamaha motorcycle tires,4,168,2.38%,3.52
tires for subaru ascent,4,164,2.44%,6.39
tesla model 3 all season tires,4,163,2.45%,7.13
traverse tires,4,157,2.55%,9.03
chevy blazer tires,4,156,2.56%,7.08
toyota rav4 tire,4,154,2.6%,7.82
fat boy tires,4,150,2.67%,4.83
f150 lightning tires,4,144,2.78%,9.01
best tires for cadillac escalade,4,142,2.82%,9.73
honda civic michelin tires,4,141,2.84%,4.74
best tires for tesla y,4,135,2.96%,6.73
best tires for infiniti qx60,4,133,3.01%,7.77
best tires for buick enclave,4,130,3.08%,8.48
tires for mazda cx 9,4,129,3.1%,7.69
mustang mach e tires,4,129,3.1%,9.94
michelin tires for bmw,4,126,3.17%,1.79
michelin tires for my car,4,124,3.23%,4.85
audi q5 tire,4,123,3.25%,4.5
mercury tires,4,121,3.31%,3.93
land cruiser tires,4,120,3.33%,5.62
best tires for honda hrv,4,117,3.42%,8.66
volvo tires xc90,4,109,3.67%,4.76
best tires for audi q7,4,108,3.7%,8.45
bmw 430i tires,4,103,3.88%,5.96
michelin rav4 tires,4,100,4%,5.57
mercedes glc 300 tires,4,100,4%,7.01
mazda miata tires,4,99,4.04%,8.79
tires for infiniti q50,4,94,4.26%,10.71
tires for porsche macan,4,92,4.35%,2.98
michelin f150 tires,4,92,4.35%,5.2
tesla approved tires model y,4,91,4.4%,6.92
tesla rated tires,4,87,4.6%,9.39
infiniti qx50 tires,4,86,4.65%,5.22
sienna tire,4,86,4.65%,6.79
honda rebel 1100 tires,4,84,4.76%,5.19
best tires for chevy bolt,4,78,5.13%,8.97
genesis g80 tires,4,74,5.41%,1.59
triumph bonneville tires,4,73,5.48%,3.23
best tire for rav4,4,73,5.48%,9.03
model 3 tire,4,71,5.63%,9.63
tires for tesla y,4,69,5.8%,4.88
best tires for porsche macan,4,68,5.88%,7.19
lexus nx 300 tires,4,67,5.97%,3.75
best tires for mercedes gls 450,4,66,6.06%,3.58
tires for volvo xc40,4,65,6.15%,3.86
tires for volvo s60,4,65,6.15%,6.98
mercedes e350 tires,4,64,6.25%,3.22
best tires for honda passport,4,64,6.25%,6.77
audi q3 tire,4,60,6.67%,6.83
bolt ev tires,4,59,6.78%,4.22
lincoln aviator tires,4,59,6.78%,4.75
cla 250 tires,4,59,6.78%,5.17
mercedes gle 350 tires price,4,58,6.9%,5.43
tires for subaru legacy,4,58,6.9%,10.21
bmw motorcycle tires,4,55,7.27%,3.35
bmw x7 all season tires,4,52,7.69%,4.02
lexus tires es350,4,50,8%,1.88
michelin tires for mercedes c300,4,50,8%,3.1
michelin defender 2 for tesla model 3,4,50,8%,4.96
ktm 390 adventure tires,4,50,8%,5.34
chevy bolt ev tires,4,48,8.33%,5.75
tires for audi a6,4,47,8.51%,5.21
xrm 125 tire price,4,47,8.51%,5.26
tire tesla model y,4,47,8.51%,8.64
g80 m3 tires,4,46,8.7%,3.85
bmw m550i tires,4,45,8.89%,2.67
ev tires for tesla model y,4,44,9.09%,3.82
lexus ux tires,4,44,9.09%,4.3
lucid tires,4,43,9.3%,6.12
michelin harley davidson tires,4,42,9.52%,3.71
best tires for genesis gv80,4,42,9.52%,5.19
what tires does honda recommend?,4,41,9.76%,5.54
michelin tires for honda click 125i price,4,41,9.76%,5.68
michelin police pursuit tires,4,40,10%,3.3
tesla model y michelin crossclimate 2,4,39,10.26%,5.1
lexus gs 350 tires,4,38,10.53%,2.71
lexus es350 tire,4,37,10.81%,2.3
r6 tire,4,37,10.81%,3.41
mercedes glk 350 tires,4,37,10.81%,4.68
michelin crossclimate 2 mazda cx 5,4,37,10.81%,4.84
michelin pilot sport 4s tesla model y,4,36,11.11%,2.78
elantra n tire,4,36,11.11%,3.06
michelin defender 4runner,4,36,11.11%,3.44
m2 tires,4,34,11.76%,4.56
tesla model y michelin pilot sport all season 4,4,34,11.76%,4.79
bmw x7 22 inch all season tires,4,34,11.76%,7.35
porsche macan tire,4,33,12.12%,1.21
id 4 tires,4,33,12.12%,7.24
best tires for tesla model y performance,4,31,12.9%,12.71
glb 250 tires,4,30,13.33%,2.23
landcruiser tires,4,30,13.33%,4.1
michelin pilot sport all season 4 for tesla model y,4,30,13.33%,5.1
duke 390 tires,4,29,13.79%,4.76
best tires for sprinter 3500 rv,4,28,14.29%,4.64
best tires for genesis g80,4,28,14.29%,6.18
all weather tires for tesla model y,4,27,14.81%,3.56
best tire for bmw x3,4,27,14.81%,5.63
tesla model y crossclimate 2,4,27,14.81%,6.63
best tires for glc 300,4,26,15.38%,7.42
michelin tires honda click,4,25,16%,4.52
tires for range rover velar,4,25,16%,5.08
cadillac ct4 tires,4,24,16.67%,3.67
gle 53 tires,4,23,17.39%,1.17
911 tires,4,23,17.39%,2.04
tesla m3 tires,4,21,19.05%,4.67
ioniq 5 oem tires,4,20,20%,2.9
best tire for honda ridgeline,4,20,20%,9.05
best tires for buick envision,4,19,21.05%,5.47
tires for audi q8,4,18,22.22%,6.61
cb650r tires,4,17,23.53%,4.12
michelin naked,4,15,26.67%,3.2
best tires for bmw 540i xdrive,4,15,26.67%,5.53
all weather tires for toyota corolla,4,15,26.67%,7.8
vw id 4 tires,4,14,28.57%,5
land rover defender 110 tires,4,13,30.77%,1.15
best tires for mercedes gle 450,4,12,33.33%,4.58
z900rs tires,4,9,44.44%,1.67
michelin pilot sport all season 4 tesla model y performance,4,7,57.14%,4.43
best michelin tires for toyota highlander,4,5,80%,1
toyota camry tires,3,4361,0.07%,10.11
buick tires,3,3032,0.1%,17.14
tires tesla,3,2818,0.11%,7.89
michelin honda,3,1700,0.18%,6.25
grom tires,3,1657,0.18%,11.34
subaru tires,3,1429,0.21%,21.94
ford escape tires,3,1315,0.23%,10
adv 150 tire size,3,1051,0.29%,7.92
best tires for lexus rx350,3,1000,0.3%,9.28
ram 1500 tires,3,825,0.36%,17.28
hyundai kona tires,3,816,0.37%,9.32
mazda cx 5 tires,3,754,0.4%,9.52
vepe,3,730,0.41%,9.23
ford edge tires,3,656,0.46%,9.89
best tires for honda pilot,3,595,0.5%,9.62
ninja 400 tire size,3,584,0.51%,9.17
crosstrek tires,3,573,0.52%,8.95
best tires for toyota highlander,3,569,0.53%,9.4
tesla all weather tires,3,551,0.54%,6.15
dodge challenger tires,3,531,0.56%,11.01
aston martin tires,3,518,0.58%,19.25
tesla model y performance all season tires,3,495,0.61%,6.62
cybertruck tire,3,466,0.64%,14.01
tahoe tires,3,453,0.66%,7.91
toyota rav4 tire size,3,442,0.68%,10.86
dodge durango tires,3,432,0.69%,10.95
sportster tires,3,406,0.74%,10.97
hyundai santa fe tires,3,396,0.76%,9.88
tires for honda pilot,3,388,0.77%,9.82
lamborghini tires,3,385,0.78%,9.63
fatboy tires,3,372,0.81%,6.96
tesla tires for sale,3,358,0.84%,10.5
camry tire size,3,357,0.84%,10.2
vw tiguan tires,3,346,0.87%,6.59
audi a4 tires,3,343,0.87%,8.43
vw atlas tires,3,335,0.9%,7.55
best tires for nissan rogue,3,322,0.93%,11.56
senna tires,3,319,0.94%,9.19
camry tires,3,310,0.97%,9.55
f350 tires,3,309,0.97%,9.61
harley davidson tire,3,296,1.01%,11.41
buick enclave tires,3,275,1.09%,5.61
best tires for toyota sienna,3,259,1.16%,8.96
tires for chevy equinox,3,253,1.19%,9.68
michelin 235/45r18 tesla,3,248,1.21%,9.94
best tires for ford explorer,3,243,1.23%,10.95
best tires for ford expedition,3,240,1.25%,8.34
kia ev6 tires,3,237,1.27%,5.34
michelin tires for toyota camry price,3,227,1.32%,7.63
350z tires,3,227,1.32%,9.44
vw beetle tires,3,226,1.33%,6.94
best tires for hyundai tucson,3,224,1.34%,10.22
best tires for honda fit,3,223,1.35%,7.05
toyota chr tires,3,218,1.38%,8.72
kia niro tire size,3,217,1.38%,10.04
best tires for jeep renegade,3,215,1.4%,8.81
avanti tires,3,212,1.42%,7.84
michelin tesla,3,211,1.42%,4.01
tires for infiniti qx60,3,210,1.43%,8.61
tires for silverado 1500,3,210,1.43%,11.76
llantas michelin para toyota corolla,3,209,1.44%,6.12
tesla tire model y,3,202,1.49%,8.78
michelin tires bmw,3,200,1.5%,1.57
nissan rogue tire,3,190,1.58%,6.02
bmw x3 run flat tires price,3,187,1.6%,10.61
best tires for gmc terrain,3,186,1.61%,7.95
nissan maxima tires,3,185,1.62%,9.69
model x tires,3,183,1.64%,7.74
mazda cx9 tires,3,172,1.74%,7.43
ford f350 tires,3,169,1.78%,9.01
who makes tesla tires,3,165,1.82%,2.96
tesla model x tire,3,158,1.9%,5.84
gmc canyon tires,3,155,1.94%,7.9
sprinter tires,3,152,1.97%,6.45
best tires for ford edge,3,150,2%,8.3
best tires for hyundai sonata,3,146,2.05%,9.19
best tires for vw atlas,3,144,2.08%,8.86
best tires for kia sorento,3,144,2.08%,9.32
tesla y tire,3,143,2.1%,8.87
michelin tires for toyota tacoma,3,136,2.21%,5.72
toyota sequoia tires,3,136,2.21%,6.49
acura ilx tires,3,136,2.21%,6.54
toyota camry tire size,3,135,2.22%,14.76
tires honda crv,3,133,2.26%,8.65
model s tires,3,127,2.36%,4.39
tiger tire,3,127,2.36%,10.39
honda navi tires,3,122,2.46%,9.13
michelin bmw,3,117,2.56%,3.52
michelin defender,3,115,2.61%,46.33
tires for infiniti qx50,3,112,2.68%,6.79
toyota venza tire size,3,111,2.7%,5.2
rav 4 tire,3,111,2.7%,5.21
best tires for mercedes glc 300,3,111,2.7%,8.99
best tires for acura tlx,3,109,2.75%,7.04
tesla model y replacement tires,3,109,2.75%,9.3
volvo tires xc60,3,108,2.78%,6.37
tesla tire sale,3,108,2.78%,8.55
lexus is350 tires,3,107,2.8%,6.58
tires for mercedes gle 350,3,106,2.83%,4.97
nissan kicks tire size,3,106,2.83%,8.84
mazda cx3 tires,3,100,3%,7.6
lightning tires,3,98,3.06%,6.76
porsche panamera tires,3,97,3.09%,5.22
michelin tires for toyota corolla price,3,96,3.12%,4.07
tires for kia telluride,3,96,3.12%,6.62
best all season tires for toyota camry,3,92,3.26%,9.65
best tires for audi q3,3,87,3.45%,8.98
gsxr 600 tires,3,84,3.57%,3.36
ioniq 6 tires,3,82,3.66%,6.71
tires lexus rx 350,3,81,3.7%,4.2
tesla s tires,3,81,3.7%,4.44
indian scout tires,3,80,3.75%,10.47
tires for honda hrv,3,79,3.8%,7.67
tires for mercedes glc300,3,78,3.85%,5.19
best tires for 2022 toyota highlander,3,77,3.9%,7.16
chevy bolt euv tires,3,75,4%,5.47
michelin pilot sport tesla,3,75,4%,5.49
2023 honda grom tires,3,75,4%,7.53
tire for lexus rx 350,3,74,4.05%,4.26
lexus ct200h tires,3,74,4.05%,6.91
honda trail 125 tires,3,74,4.05%,7.32
hrv tires,3,74,4.05%,9.45
tires for range rover sport,3,73,4.11%,7.92
best tires for m340i,3,73,4.11%,8.36
best tires for audi a6,3,72,4.17%,7.01
tires for genesis g70,3,69,4.35%,2.75
honda goldwing tires,3,69,4.35%,9.52
lexus rx 450h tire size,3,67,4.48%,6.19
best tires for ioniq 5,3,67,4.48%,6.3
xc90 tires,3,66,4.55%,5.48
tesla x tires,3,64,4.69%,7.23
michelin defender 2 honda crv,3,63,4.76%,5.11
rx350 tires,3,61,4.92%,3.87
bmw 335i tires,3,61,4.92%,9.05
bmw 320i tires,3,60,5%,5.13
tire for honda crv,3,58,5.17%,9.03
bmw car tires,3,58,5.17%,10.22
all season tires tesla,3,57,5.26%,4.77
volvo xc90 tire,3,57,5.26%,5.21
tires for honda hrv 2018,3,57,5.26%,6.72
best tires for volvo s60,3,57,5.26%,7.61
best tires for lexus nx200t,3,56,5.36%,6.91
tesla model y tires for sale,3,56,5.36%,7.82
best tires for 2021 subaru forester,3,56,5.36%,8.7
best tires for kia forte,3,56,5.36%,8.75
best tires for telluride,3,56,5.36%,8.82
2006 lexus rx400h tires,3,55,5.45%,3.8
best tires for 2019 honda ridgeline,3,55,5.45%,8.47
best tires for gx460,3,55,5.45%,8.71
lexus ux 250h tire size,3,54,5.56%,6.04
model y crossclimate 2,3,53,5.66%,6.4
africa twin tires,3,51,5.88%,7.73
tires for 2017 buick encore,3,50,6%,10.86
lexus es 350 tire,3,49,6.12%,3.18
recommended tires for tesla model y,3,49,6.12%,7.45
mt07 tires,3,48,6.25%,4.48
best tesla tires model y,3,48,6.25%,7.08
best tires for 2020 chevy equinox,3,48,6.25%,10.21
tires for mercedes gls 450,3,47,6.38%,3.77
iron 883 tires,3,47,6.38%,4.15
tires for a lexus es 350,3,47,6.38%,6.02
tires for glc 300,3,47,6.38%,6.87
tires audi q5,3,45,6.67%,4.93
ford escape tires price,3,45,6.67%,14.2
gv80 tires,3,44,6.82%,1.32
michelin tires for toyota tundra,3,44,6.82%,4.16
tires for a lexus rx 350,3,44,6.82%,4.32
tires for lexus ct200h,3,44,6.82%,5.8
best tires for kia optima,3,44,6.82%,8.39
tesla model s tyres,3,44,6.82%,53.09
m5 tires,3,43,6.98%,4.56
best all season tires for subaru ascent,3,43,6.98%,7.21
best tires for 2016 honda odyssey,3,43,6.98%,8.4
gle 350 tires,3,42,7.14%,4.05
suzuki burgman 650 tire size,3,42,7.14%,6.33
michelin crossclimate 2 subaru forester,3,42,7.14%,6.93
prius prime tires,3,41,7.32%,6.88
gls 450 tires,3,40,7.5%,3
lincoln nautilus tires,3,40,7.5%,3.62
cbr500r tires,3,40,7.5%,4.15
g70 tires,3,39,7.69%,2.56
best tires for kia ev6,3,39,7.69%,6.95
michelin run flat tires,3,39,7.69%,19.03
michelin tesla model 3,3,38,7.89%,3.05
best tires for lexus ux 250h,3,38,7.89%,5.21
tesla model y best tires,3,38,7.89%,5.34
tesla all season tires model y,3,37,8.11%,1.84
subaru ascent tire,3,37,8.11%,4.81
michelin tires honda odyssey,3,37,8.11%,5.14
model x tire,3,37,8.11%,6.68
bmw i3s tires,3,37,8.11%,8.68
tires for 2021 jeep grand cherokee l,3,37,8.11%,9.59
michelin tires for 2017 ford escape,3,36,8.33%,2.61
gr86 tire,3,36,8.33%,5.03
adv 150 tire,3,36,8.33%,5.14
ml350 tires,3,35,8.57%,3.83
tires for mercedes benz c300,3,35,8.57%,5.57
bmw s1000rr tires,3,35,8.57%,5.69
best tires for chevy express 2500,3,35,8.57%,6.83
tesla tyres model y,3,35,8.57%,7.49
best tires for acura rdx 2020,3,35,8.57%,8.54
hyundai tucson tyres,3,35,8.57%,47.29
lexus es 300h tires,3,34,8.82%,2.26
bmw 330i tire,3,33,9.09%,4.24
ford cmax tires,3,33,9.09%,5.24
best tires for 2018 acura rdx,3,33,9.09%,6.73
michelin tires for tesla model y performance,3,32,9.38%,1.66
chevy bolt oem tires,3,32,9.38%,4.47
acura tlx tire,3,32,9.38%,6.22
tires for 2019 acura rdx,3,32,9.38%,7.22
best tires for bmw ix,3,31,9.68%,7.1
best tires subaru forester,3,31,9.68%,9.13
bmw m3 competition tires,3,30,10%,5.33
tires for genesis gv80,3,29,10.34%,2.07
best tires model y,3,29,10.34%,7.83
2017 acura rdx tires,3,29,10.34%,9.38
mercedes cla 250 tires,3,28,10.71%,5.61
best tire for tesla model s,3,28,10.71%,6.25
z650 tires,3,27,11.11%,1.22
audi a4 quattro tires,3,27,11.11%,3.93
toyota 86 tires,3,27,11.11%,4.48
zx10r tires,3,27,11.11%,4.7
best honda grom tires,3,27,11.11%,6.33
best tires for 2019 nissan rogue,3,27,11.11%,9.15
tires kia sportage,3,27,11.11%,9.22
lexus gs350 tires,3,26,11.54%,1.81
bmw m4 tire,3,26,11.54%,2.04
michelin tires for raider 150 price,3,26,11.54%,5.88
best tires for kia carnival,3,26,11.54%,6.58
tire tesla model 3,3,26,11.54%,6.58
navigator tires,3,26,11.54%,7.12
lexus rx 450h tires,3,25,12%,1.36
tires for gr86,3,25,12%,4.6
tires for lexus es300h,3,24,12.5%,2.25
michelin - pilot sport all season 4 model y,3,24,12.5%,3.67
mercedes benz gle 350 tires,3,24,12.5%,4.96
recommended tires for lexus rx350,3,24,12.5%,5.71
best tire for lexus es350,3,24,12.5%,5.79
best tires for 2019 lincoln nautilus,3,24,12.5%,6.42
best tires for 2017 toyota camry se,3,24,12.5%,10.75
kawasaki vulcan s tires,3,23,13.04%,2.39
honda hrv 2018 tires,3,23,13.04%,6.09
2016 cadillac srx tires,3,23,13.04%,7.57
best tires for 2021 nissan rogue sv,3,23,13.04%,10.26
toyota prius prime tires,3,22,13.64%,4.64
audi q5 all season tires,3,22,13.64%,5.68
2500 truck tires,3,22,13.64%,5.77
m240i tires,3,21,14.29%,3.43
michelin toyota camry tires,3,21,14.29%,3.67
forty eight tires,3,21,14.29%,5.95
best michelin tires for camry,3,21,14.29%,6.33
tesla model y tire recommendations,3,21,14.29%,8.57
michelin tires for aerox price,3,21,14.29%,9.19
michellin,3,20,15%,1.15
subaru wrx sti tires,3,20,15%,5
best tire for cadillac escalade,3,20,15%,9.5
hyundai kona tyres,3,20,15%,60.5
supra tire,3,19,15.79%,2.47
lexus lc500 tires,3,19,15.79%,3.26
infiniti fx35 tires,3,19,15.79%,4.58
volvo xc 60 tires,3,19,15.79%,5.32
ix tires,3,18,16.67%,1.67
lexus ls430 tires,3,18,16.67%,3.56
tires for porsche panamera,3,17,17.65%,4.71
all season tires tesla model y,3,17,17.65%,5
bmw m340 tires,3,17,17.65%,5
harley pan america tires,3,17,17.65%,6.47
rebel 1100 tires,3,17,17.65%,8.24
cayenne tire,3,16,18.75%,2.75
michelin tyres for honda crv,3,16,18.75%,3.31
michelin cross climate 2 model y,3,16,18.75%,4.62
350z tire size,3,16,18.75%,5.12
2019 cadillac xt5 tires,3,16,18.75%,6.38
tires for genesis g80,3,15,20%,1.4
tesla model 3 2018 tires,3,15,20%,5.67
silverado ev tires,3,15,20%,8.4
polestar 2 oem tires,3,14,21.43%,5.64
best tire for volvo xc60,3,14,21.43%,7.21
tires for 2020 lincoln nautilus,3,14,21.43%,8.79
tires mercedes gle 350,3,13,23.08%,3.38
bmw 330i xdrive tires,3,13,23.08%,3.69
kawasaki vulcan 900 tires,3,13,23.08%,5.08
tires for id4,3,13,23.08%,6.69
puma tyres,3,12,25%,6.92
michelin tires for mustang gt,3,10,30%,2.6
crossclimate 2 model y,3,10,30%,4.8
best tires for triumph bonneville t120,3,10,30%,6.4
mercedes c250 tires,3,9,33.33%,5.44
range rover sport tyres,3,9,33.33%,15.67
gr86 tyres,3,8,37.5%,4.38
tesla model y approved tires,3,7,42.86%,7
vw arteon tires,3,6,50%,5.33
michelin tires for mercedes glc 300,3,5,60%,1.8
t0 tires,3,5,60%,7.2
michelin pilot sport porsche 911,3,3,100%,2
nissan tires,2,2752,0.07%,24.2
hyundai tires,2,1800,0.11%,15.03
kia tires,2,1372,0.15%,24.69
mio sporty tire size,2,1295,0.15%,10.71
durango tires,2,1277,0.16%,10.76
tesla tires near me,2,1206,0.17%,13.98
bmw x5,2,1104,0.18%,73.93
michelin tires motorcycle,2,1043,0.19%,2.72
tires for ford explorer,2,994,0.2%,7.93
ford mustang tires,2,936,0.21%,17.69
tires for bmw,2,931,0.21%,12.37
best tires for tesla model 3,2,928,0.22%,18.51
mustang tire,2,798,0.25%,6.85
tucson tires,2,789,0.25%,8.98
michelin tire brands,2,786,0.25%,11.11
f250 tires,2,738,0.27%,9.7
tires for toyota corolla,2,719,0.28%,11.29
nissan sentra tires,2,688,0.29%,10.69
tesla recommended tires,2,676,0.3%,9.46
tires for subaru forester,2,657,0.3%,10.93
jaguar tires,2,652,0.31%,11.5
tesla tores,2,603,0.33%,10.04
tires for chevy silverado 1500,2,591,0.34%,18.19
tires for vw tiguan,2,588,0.34%,8.87
4 runner tires,2,548,0.36%,8.23
road king tires,2,534,0.37%,7.99
tesla model s tires 19,2,497,0.4%,12.2
lexus es tires,2,489,0.41%,2.4
toyota michelin tires,2,467,0.43%,2.94
infiniti tires,2,438,0.46%,9.84
tires for ford escape,2,434,0.46%,9.18
tires for kia soul,2,394,0.51%,5.44
mini cooper tires,2,394,0.51%,12.97
tesla tyres,2,361,0.55%,42.5
tires for hyundai tucson,2,360,0.56%,9.01
silverado tires,2,340,0.59%,11.97
toyota 4 runner tires,2,339,0.59%,8.34
chevy equinox tires,2,331,0.6%,12.2
klr 650 tires,2,319,0.63%,10.13
tires for honda civic,2,319,0.63%,12.15
ferrari tires,2,307,0.65%,9.65
tire for tesla,2,304,0.66%,9
mz tires,2,296,0.68%,5.3
tires for hyundai santa fe,2,296,0.68%,10.21
list of tesla approved tires,2,285,0.7%,8.72
subaru wrx tires,2,284,0.7%,7.32
tires for jeep renegade,2,280,0.71%,8.59
volkswagen tiguan tires,2,270,0.74%,8.62
harley davidson motorcycle tires,2,269,0.74%,9.12
genesis tire,2,267,0.75%,8.68
subaru legacy tires,2,267,0.75%,9.22
tesla car tires,2,262,0.76%,9.99
chrysler 200 tire size,2,260,0.77%,8.43
gr corolla tires,2,253,0.79%,9.21
lincoln tire,2,249,0.8%,7.65
acura tl tires,2,240,0.83%,4.56
kia rio tires,2,231,0.87%,10.24
tesla cybertruck tires,2,228,0.88%,11.25
mazda cx-5 tires,2,224,0.89%,9.38
victory tires,2,220,0.91%,5.28
michelin defender tires,2,213,0.94%,60.14
ford fusion tires,2,212,0.94%,10.96
bmw x6 tires,2,210,0.95%,8.2
tires for toyota sienna,2,202,0.99%,7.66
jeep grand cherokee tire,2,200,1%,4.96
bmw all season tires,2,200,1%,8.57
cadillac xt5 tire size,2,198,1.01%,9.32
michelin motorcycle tyres,2,193,1.04%,2.31
kia optima tires,2,192,1.04%,10.59
michelin vehicle tires,2,191,1.05%,7.84
tires for toyota tundra,2,189,1.06%,10.61
ford focus tires,2,181,1.1%,11.21
kia seltos tires,2,180,1.11%,4.97
best tires for gmc acadia,2,180,1.11%,9.34
tires for f250,2,180,1.11%,9.89
subaru impreza tire size,2,177,1.13%,7.97
sienna tires,2,176,1.14%,8.23
tires honda accord,2,175,1.14%,10.54
chevy cruze tire size,2,172,1.16%,13.57
q50 tires,2,170,1.18%,10.73
acura mdx tire,2,169,1.18%,5.41
gmc yukon tires,2,167,1.2%,11.37
tires for a jeep grand cherokee,2,162,1.23%,7.19
subaru impreza tires,2,161,1.24%,9.66
audi sq5 tires,2,159,1.26%,6.97
tires for kia sportage,2,158,1.27%,9.8
best tires for honda grom,2,157,1.27%,5.96
lexus es350 tire size,2,157,1.27%,7.97
corolla tires,2,157,1.27%,11.36
lexus ct200h tire size,2,156,1.28%,8.18
toyota corolla tire,2,156,1.28%,11.84
toyota all season tires,2,154,1.3%,4.46
tesla model 3 tyres,2,154,1.3%,60.46