Requêtes les plus fréquentes,Clics,Impressions,CTR,Position
tesla model 3 tires,190,7396,2.57%,5.51
tesla tires,113,14657,0.77%,9.64
tesla model y tires,111,7748,1.43%,8.29
best tires for tesla model y,77,3327,2.31%,6.31
tires for tesla model 3,63,2707,2.33%,4.87
tires for tesla model y,63,1460,4.32%,4.82
michelin tesla tires,56,437,12.81%,1.14
tesla michelin tires,54,237,22.78%,1.49
michelin tires for tesla model y,44,115,38.26%,1.08
michelin tires tesla model 3,34,80,42.5%,1.1
tesla model s tires,32,1405,2.28%,4.13
tesla tires model 3,30,2923,1.03%,8.33
tesla model 3 michelin tires,30,96,31.25%,1.32
tesla tires model y,29,2838,1.02%,8.49
michelin tesla model 3 tires,29,65,44.62%,1.66
tesla approved tires,27,794,3.4%,8.62
michelin tires for tesla model 3,26,57,45.61%,1.07
tesla tire,25,2943,0.85%,9.78
michelin crossclimate 2 tesla model y,24,184,13.04%,5.05
tesla model y michelin tires,22,44,50%,1.48
michelin tires for tesla,22,34,64.71%,1
tesla model 3 tire,21,1597,1.31%,6.45
tesla y tires,18,1592,1.13%,7.37
tesla model 3 tires michelin,18,38,47.37%,1.18
michelin primacy t0 tesla,17,37,45.95%,1.7
best tire for tesla model y,16,184,8.7%,5.78
michelin tires tesla model y,15,21,71.43%,1
best tires for tesla model s,13,738,1.76%,5.54
tires for tesla model s,12,56,21.43%,3.64
michelin tesla model y tires,12,24,50%,1.08
tesla 3 tires,11,901,1.22%,5.42
tesla all season tires,11,178,6.18%,8.88
tesla model y all season tires,11,101,10.89%,3.84
tesla model y tire,10,1919,0.52%,8.05
ev tires for tesla,10,163,6.13%,7.26
michelin defender 2 tesla model 3,10,44,22.73%,4.93
michelin pilot sport all season 4 tesla model y,10,32,31.25%,4.66
tesla model y tires all season,10,19,52.63%,1.58
tesla model y performance tires michelin,10,16,62.5%,1.25
tires for tesla,9,1304,0.69%,7.6
best all season tires for tesla model y,9,82,10.98%,6
tesla model y performance michelin tires,9,14,64.29%,1.07
tesla model x tires,8,1242,0.64%,6.7
tire for tesla model y,8,60,13.33%,5.98
michelin primacy tesla model 3,8,51,15.69%,3.67
michelin - pilot sport all season 4 tesla model y,8,29,27.59%,4.17
michelin crossclimate 2 for tesla model y,8,15,53.33%,3.6
tesla tires michelin,8,12,66.67%,1
tires tesla model y,7,37,18.92%,6.54
tesla approved tires model 3,7,27,25.93%,6.33
michelin crossclimate 2 tesla model 3,7,22,31.82%,6.36
michelin pilot sport tesla model 3,7,20,35%,3.6
crossclimate 2 tesla model y,7,20,35%,5.5
tesla michelin,7,13,53.85%,3.54
all season tires for tesla model y,7,10,70%,2.9
best tires for tesla model y long range,6,42,14.29%,7.83
tires for tesla model y performance,6,26,23.08%,5.73
michelin defender 2 for tesla model 3,6,24,25%,4.21
tire for tesla model 3,6,22,27.27%,4.41
tesla model s tire,6,21,28.57%,3.29
best tesla y tires,6,19,31.58%,6.84
michelin crossclimate2 tesla model y,6,13,46.15%,3.08
tesla.model 3 tires,6,11,54.55%,5.09
michelin tires tesla,6,9,66.67%,1
tires tesla model 3,5,26,19.23%,6.12
tesla model y long range tires,5,22,22.73%,6.91
tires for tesla 3,5,15,33.33%,4.67
best michelin tires for tesla model 3,5,11,45.45%,1.18
michelin pilot sport tesla model y,5,11,45.45%,2.82
all season tires for tesla model 3,5,11,45.45%,5.18
michelin tesla model y,5,9,55.56%,1.56
michelin primacy tesla,5,8,62.5%,4
tesla model y performance tires,4,1929,0.21%,9.78
best tesla model y tires,4,69,5.8%,9.03
tesla model 3 all season tires,4,43,9.3%,6.42
best tires for tesla y,4,25,16%,6.4
michelin pilot sport all season 4 tesla,4,18,22.22%,4.94
ev tires for tesla model y,4,16,25%,3.56
tesla model s tyres,4,12,33.33%,51.42
tire tesla model y,4,11,36.36%,7
tesla approved tires model y,4,10,40%,6.4
michelin pilot sport 4s tesla model y,4,9,44.44%,3
michelin pilot sport all season 4 for tesla model y,4,9,44.44%,4
tesla model y michelin pilot sport all season 4,4,8,50%,4.25
best tires for tesla model y performance,4,8,50%,9.5
tesla m3 tires,4,7,57.14%,3.71
michelin tesla,4,6,66.67%,1.5
all weather tires for tesla model y,4,6,66.67%,2.33
michelin pilot sport all season 4 tesla model y performance,4,6,66.67%,3.67
tires for tesla y,4,6,66.67%,3.67
tesla rated tires,4,6,66.67%,8.83
tesla model y michelin crossclimate 2,4,5,80%,6.2
tesla model y crossclimate 2,4,4,100%,5.75
tires tesla,3,293,1.02%,7.52
tesla model y performance all season tires,3,229,1.31%,6.79
tesla model x tire,3,21,14.29%,5.43
tesla all weather tires,3,18,16.67%,6.11
tesla tire model y,3,14,21.43%,8.07
tesla s tires,3,13,23.08%,3.23
tesla y tire,3,12,25%,7.08
recommended tires for tesla model y,3,9,33.33%,7.11
best tesla tires model y,3,9,33.33%,8
tesla model y tire recommendations,3,9,33.33%,10.22
tesla model y replacement tires,3,9,33.33%,10.44
tesla model 3 2018 tires,3,8,37.5%,5
tesla tires for sale,3,8,37.5%,9.38
all season tires tesla,3,7,42.86%,4.14
michelin tesla model 3,3,7,42.86%,4.71
tire tesla model 3,3,7,42.86%,5
tesla x tires,3,7,42.86%,5.14
tesla model s michelin tires,3,6,50%,1
tesla all season tires model y,3,6,50%,1.33
tesla model y best tires,3,6,50%,3.33
best tire for tesla model s,3,6,50%,4.5
tesla tyres model y,3,6,50%,10.5
tesla model y tires for sale,3,5,60%,8.4
michelin tires for tesla model y performance,3,4,75%,1
michelin pilot sport ev tesla,3,4,75%,2.25
quietest tires for tesla model s,3,4,75%,4
tesla model y approved tires,3,4,75%,5.25
tesla tire sale,3,4,75%,6.75
michelin tesla tire warranty,3,3,100%,2
who makes tesla tires,3,3,100%,2
michelin pilot sport tesla,3,3,100%,2.67
all season tires tesla model y,3,3,100%,5.67
tesla tire pressure,2,4453,0.04%,11.04
best tires for tesla model 3,2,1070,0.19%,18.33
tesla model 3 tire size,2,1048,0.19%,21.26
tesla tyres,2,779,0.26%,49.36
quietest tires for tesla model 3,2,326,0.61%,5.59
tesla model s tires 19,2,198,1.01%,9.33
tesla model 3 tyres,2,179,1.12%,58.45
tesla cybertruck tires,2,131,1.53%,10.93
tesla tires near me,2,118,1.69%,14.05
tesla tyre pressure,2,35,5.71%,42.69
tesla recommended tires,2,27,7.41%,10.04
michelin primacy mxm4 tesla model 3,2,11,18.18%,8.18
tesla tores,2,11,18.18%,9.09
best tires for a tesla model y,2,10,20%,4.9
best tires for tesla model y 19,2,10,20%,6.1
tesla model y performance tire,2,10,20%,9.6
tesla model s all season tires,2,9,22.22%,4.33
model y tesla tires,2,9,22.22%,10.44
tesla car tires,2,9,22.22%,17
tesla model y tires price,2,8,25%,10.38
tesla model 3 all weather tires,2,7,28.57%,4.71
oem tesla model 3 tires,2,7,28.57%,7
tesla cybertruck tire,2,7,28.57%,10.43
tesla approved tires for model y,2,6,33.33%,6.67
cross climate 2 tesla,2,5,40%,3.2
new tires for tesla model y,2,5,40%,3.4
tesla model y summer tires,2,5,40%,4.6
tesla-approved tires,2,5,40%,6.2
tesla model y recommended tires,2,5,40%,6.4
tyres for tesla model y,2,5,40%,7.4
best tires for tesla model s 19,2,5,40%,7.8
michelin 235/45r18 tesla,2,5,40%,8.4
tesla model 3 tires replacement,2,5,40%,8.8
list of tesla approved tires,2,5,40%,9.2
what tires for tesla model y,2,4,50%,4
tesla model 3 michelin defender 2,2,4,50%,4.5
tesla model y all weather tires,2,4,50%,4.75
tesla all season tires model 3,2,4,50%,6
tesla model y tire price,2,4,50%,8.75
tire for tesla,2,4,50%,9.75
tesla tire deals,2,4,50%,10.25
tesla t2 tires,2,4,50%,10.5
michelin tire for tesla model 3,2,3,66.67%,1
michelin tire warranty tesla,2,3,66.67%,3
all weather tires tesla model y,2,3,66.67%,3.67
tesla model 3 tores,2,3,66.67%,4
tires for a tesla model y,2,3,66.67%,4.33
michelin defender 2 tesla,2,3,66.67%,4.67
michelin defender 2 on tesla model 3,2,3,66.67%,5
tesla model 3 tires for sale,2,3,66.67%,6.33
tesla model s 19 tires,2,3,66.67%,8.67
tesla model y tires near me,2,3,66.67%,8.67
tesla y long range tires,2,3,66.67%,9.67
michelin pilot sport ev tesla model y,2,2,100%,3
tesla model.y tires,2,2,100%,4.5
michelin x ice snow tesla model y,2,2,100%,5.5
tesla oem tires model 3,2,2,100%,6.5
tesla model y performance tyres,2,2,100%,9
tire tesla,1,699,0.14%,10.36
tesla model 3 performance tires,1,331,0.3%,14.92
tesla tires model s,1,330,0.3%,5.47
tesla tired,1,325,0.31%,8.3
tesla model y tire pressure,1,282,0.35%,54.04
tesla model y tyres,1,233,0.43%,37.46
tesla model 3 winter tires,1,216,0.46%,63.12
tesla 3 tire size,1,136,0.74%,16.71
tesla rotate tires,1,100,1%,40.52
tesla tyres model 3,1,35,2.86%,38.31
tesla model y tires size,1,13,7.69%,30.77
tesla tyre replacement,1,12,8.33%,68
michelin primacy mxm4 235/45r18 tesla,1,11,9.09%,5.82
best ev tires for tesla model y,1,10,10%,15.9
best tires for tesla model x,1,8,12.5%,5.75
tyres for tesla,1,8,12.5%,46.62
tesla model 3 oem tires,1,7,14.29%,11.71
tesla model y all terrain tires,1,7,14.29%,38.29
tesla approved tyres,1,6,16.67%,17.5
tesla 3 tire,1,5,20%,5
best all season tires tesla model y,1,5,20%,5.4
tesla model 3 2021 tires,1,5,20%,6.8
michelin pilot sport 4s tesla model 3,1,5,20%,7.6
new tires for tesla model 3,1,5,20%,7.6
tires for a tesla model 3,1,5,20%,7.8
best replacement tires for tesla model y,1,5,20%,8.6
tesla tires price model y,1,5,20%,9.2
tesla model 3 tires costco,1,5,20%,32
tyres for tesla model 3,1,5,20%,37.8
best all weather tires for tesla model y,1,4,25%,7
tesla.model y tires,1,4,25%,7.75
tesla model 3 long range tires,1,4,25%,8
tesla ev tires,1,4,25%,8.5
how much are tires for tesla model 3,1,4,25%,9.5
235/45r18 michelin tesla,1,4,25%,12
tesla winter tires model y,1,4,25%,18.75
tesla model 3 standard tyres,1,4,25%,44.5
michelin crossclimate 2 for tesla model 3,1,3,33.33%,4
tesla tires for model 3,1,3,33.33%,4.67
best all season tires for tesla model s,1,3,33.33%,5
michelin crossclimate 2 tesla model x,1,3,33.33%,5
tesla michelin pilot sport all season 4,1,3,33.33%,5
best tires tesla model y,1,3,33.33%,5.33
tesla model 3 tired,1,3,33.33%,5.33
michelin pilot sport all season 4 tesla model 3,1,3,33.33%,5.67
tesla model 3 michelin tire warranty,1,3,33.33%,6
michelin mxm4 tesla model 3,1,3,33.33%,6.67
tesla model x tires for sale,1,3,33.33%,6.67
what kind of tires does tesla use,1,3,33.33%,7.33
michelin crossclimate tesla model 3,1,3,33.33%,8
2018 tesla model 3 tires,1,3,33.33%,8.67
michelin tesla tyres,1,3,33.33%,10.67
tesla model 3 tire price,1,3,33.33%,11.33
tesla model y tire cost,1,3,33.33%,12.67
tesla cybertruck tyres,1,3,33.33%,14
michelin x-ice snow tesla model y,1,3,33.33%,22.33
best tyres for tesla model 3,1,3,33.33%,43.67
michelin tires for tesla model s,1,2,50%,1
tesla model 3 winter tires michelin,1,2,50%,1
tesla model 3 stock tires michelin,1,2,50%,1.5
tesla tire price model y,1,2,50%,2
tesla certified tire shop,1,2,50%,2.5
michelin cross climate 2 tesla,1,2,50%,3
michelin t2 tesla,1,2,50%,3
michelin crossclimate tesla model y,1,2,50%,4
tires for model 3 tesla,1,2,50%,4
best tires for a tesla model s,1,2,50%,4.5
does tesla model y come with all season tires,1,2,50%,4.5
michelin primacy mxm4 tesla,1,2,50%,4.5
tesla tire brand,1,2,50%,4.5
michelin x ice tesla,1,2,50%,5
mxm4 tires tesla,1,2,50%,5
quietest tesla tires,1,2,50%,5
tesla michelin crossclimate 2,1,2,50%,5
best tires for tesla model y 2023,1,2,50%,6
what tires come on a tesla model y,1,2,50%,6
best winter tires for tesla model y,1,2,50%,6.5
tesla pilot sport all season 4,1,2,50%,6.5
tesla certified tires,1,2,50%,7.5
michelin primacy mxm4 235/45r18 98w tesla,1,2,50%,8
tesla approved tire,1,2,50%,8
how much do tesla model y tires cost,1,2,50%,8.5
longest lasting tires for tesla model 3,1,2,50%,9
tesla model 3 tyres cost,1,2,50%,10
tires for tesla model 3 performance,1,2,50%,10
what tires come with tesla model 3,1,2,50%,10.5
best tires for a tesla model 3,1,2,50%,11
how much are tesla tires,1,2,50%,12.5
tesla tires price,1,2,50%,13.5
best tires for tesla model 3 long range,1,2,50%,14.5
tesla model 3 tires 19 inch,1,2,50%,14.5
tesla snow tires model y,1,2,50%,17
tesla tire shop,1,2,50%,35.5
245/45r19 tesla model s,1,2,50%,39
all weather tires for tesla model 3,1,2,50%,44.5
michelin pilot alpin 5 tesla,1,1,100%,1
michelin x-ice snow tesla,1,1,100%,1
pneu michelin tesla model 3,1,1,100%,1
tesla model 3 tires all season,1,1,100%,1
tesla s tire size,1,1,100%,1
tesla tire size model s,1,1,100%,1
tesla y all season tires,1,1,100%,1
are tesla tires special,1,1,100%,2
does tesla model x have spare tire,1,1,100%,2
does tesla require special tires,1,1,100%,2
how much are tesla model y tires,1,1,100%,2
meilleur pneu pour tesla model y,1,1,100%,2
michelin x ice tesla model 3,1,1,100%,2
pneu origine tesla model 3,1,1,100%,2
taille pneu tesla model 3 highland,1,1,100%,2
tesla allwetterreifen,1,1,100%,2
tesla foam tire,1,1,100%,2
tesla model 3 banden vervangen,1,1,100%,2
tesla model s tires price,1,1,100%,2
tesla model y original tires,1,1,100%,2
tesla model y tire brand,1,1,100%,2
tesla model y tires costco,1,1,100%,2
tesla oem tire,1,1,100%,2
tesla tire.pressure,1,1,100%,2
tesla tyres price,1,1,100%,2
tesla y tire price,1,1,100%,2
used tesla tires for sale,1,1,100%,2
which tires are best for tesla model y,1,1,100%,2
why is there foam in tesla tires,1,1,100%,2
best place to buy tesla tires,1,1,100%,3
best tire for tesla model y performance,1,1,100%,3
best tires for tesla model y 20 inch,1,1,100%,3
do tesla need special tires,1,1,100%,3
do tesla require special tires,1,1,100%,3
do teslas use regular tires,1,1,100%,3
does tesla have spare tire,1,1,100%,3
how often does a tesla need to be serviced,1,1,100%,3
michelin - pilot sport all season 4 for tesla model y,1,1,100%,3
michelin crossclimate 2 tesla y,1,1,100%,3
stock tesla model 3 tires,1,1,100%,3
tesla model 3 2022 tire size,1,1,100%,3
tesla model y 255/45r19,1,1,100%,3
"tesla, inc.",1,1,100%,3
what are the best tires for tesla model y,1,1,100%,3
what tires for tesla model 3,1,1,100%,3
2024 tesla model 3 tires,1,1,100%,4
235 45r18 tesla model 3,1,1,100%,4
all weather tires for tesla,1,1,100%,4
best tyres for tesla model 3 uk,1,1,100%,4
michelin cc2 tesla,1,1,100%,4
michelin crossclimate 2 on tesla model y,1,1,100%,4
michelin crossclimate 2 tesla,1,1,100%,4
tesla crossclimate 2,1,1,100%,4
tesla tires for model y,1,1,100%,4
tesla x tire,1,1,100%,4
tires on tesla model 3,1,1,100%,4
2019 tesla model 3 tires,1,1,100%,5
best all season tire for tesla model y,1,1,100%,5
best tesla model s tires,1,1,100%,5
crossclimate 2 tesla model 3,1,1,100%,5
good tires for tesla model y,1,1,100%,5
michelin pilot sport 4s tesla model 3 performance,1,1,100%,5
michelin tyres tesla model 3,1,1,100%,5
tesla tire model 3,1,1,100%,5
tesla y model tires,1,1,100%,6
cheap tires for tesla model 3,1,1,100%,7
michelin crossclimate2 tesla model 3,1,1,100%,7
tesla car tyre,1,1,100%,7
tesla model 3 2022 tires,1,1,100%,7
t0 tesla,1,1,100%,8
tesla model 3 approved tires,1,1,100%,8
tesla model y 2023 tires,1,1,100%,8
what tires are recommended for tesla model 3,1,1,100%,8
best summer tires for tesla model y,1,1,100%,9
best tire for tesla y,1,1,100%,9
tesla model y long range tire replacement,1,1,100%,9
tesla model y tyre price,1,1,100%,10
tesla tire options,1,1,100%,10
what are tesla approved tires,1,1,100%,10
what tires come on tesla model 3,1,1,100%,11
2019 tesla model 3 tire size,1,1,100%,12
tesla model x tires price,1,1,100%,12
tesla.tire,1,1,100%,12
tesla model y long range tire,1,1,100%,13
tesla tire rotation,0,912,0%,44.53
tesla model y tire size,0,861,0%,21.8
how long do tesla tires last,0,637,0%,35.24
tesla model 3 tire pressure,0,577,0%,57.35
tesla tire replacement,0,427,0%,65.81
tesla winter tires,0,421,0%,64.51
tesla model y winter tires,0,346,0%,48.06
tesla model 3 stock tires,0,339,0%,11.61
tesla model 3 replacement tires,0,253,0%,9.96
winter tires for tesla model 3,0,250,0%,62.85
how to check tesla tire pressure,0,237,0%,27.94
tesla replacement tires,0,236,0%,23.63
tesla model 3 performance tire size,0,231,0%,20.58
tesla tire size,0,218,0%,34.87
tesla model s tire pressure,0,217,0%,33.54
tesla model x tire pressure,0,206,0%,32.66
how to check tire pressure tesla,0,195,0%,27.94
tesla model 3 tire rotation,0,182,0%,56.19
tesla model s tire size,0,180,0%,16.26
tesla model y 20 inch tire size,0,178,0%,42.62
tesla tire rotation schedule,0,177,0%,38.11
how to check tire pressure on tesla,0,176,0%,38.32
tesla model 3 tires size,0,172,0%,18.85
tesla 3 tire pressure,0,172,0%,46.47
tesla model 3 tire replacement,0,171,0%,14.26
tesla tire change,0,171,0%,65.06
tesla check tire pressure,0,170,0%,24.67
tesla model x tire size,0,169,0%,19.56
tesla y tire pressure,0,169,0%,52.73
tire pressure for tesla model 3,0,161,0%,45.46
tesla snow tires,0,160,0%,55.33
are tesla tires different,0,152,0%,40.54
tesla tire pressure model s,0,150,0%,56.37
tire pressure tesla model 3,0,144,0%,49.72
tesla tire warranty,0,137,0%,32.77
tesla tire pressure model y,0,137,0%,60.14
tesla model 3 snow tires,0,134,0%,50.21
tesla model y performance tire size,0,127,0%,22.81
best tesla model 3 tires,0,124,0%,37.16
tesla suv,0,124,0%,54.15
best replacement tires for tesla model 3,0,123,0%,26.93
new tesla tires,0,121,0%,9.86
tesla tire psi,0,111,0%,38.81
winter tires for tesla model y,0,98,0%,51.32
tesla winter tire package,0,97,0%,79.15
tesla model 3 tire change,0,89,0%,50.43
tesla model y tire rotation,0,87,0%,54.31
tesla tires foam,0,79,0%,40.77
tesla model s plaid tires,0,76,0%,26.3
tesla tire pressure model 3,0,71,0%,60.2
tesla new tires,0,70,0%,15.87
tesla model 3 tyre size,0,57,0%,43.23
tesla model 3 performance winter tires,0,45,0%,55.27
tesla warranty,0,41,0%,75.61
tesla model x tyres,0,33,0%,52.82
tire pressure tesla,0,29,0%,9.79
tesla model x tyre size,0,20,0%,56.1
tesla roadster v2 price,0,18,0%,41.61
tesla model 3 tyre pressure,0,18,0%,60.11
tesla 3 tyre pressure,0,16,0%,53.56
tesla model s tyre pressure,0,16,0%,71.62
tesla model 3 tyres size,0,15,0%,30.67
tesla y continental allseasoncontact,0,15,0%,81.4
tesla mobile tire service,0,14,0%,64.71
tesla tyre pressure reset,0,12,0%,50.08
tesla roadster car,0,12,0%,68.67
tesla model 3 long range tyre size,0,12,0%,75.5
how to check mileage on tesla model 3,0,12,0%,80
tesla supercharger price reduction,0,11,0%,2.91
tesla y performance tires,0,9,0%,11.67
tesla factory warranty,0,9,0%,70.56
tesla rim protector,0,9,0%,73.44
tesla model 3 wiper blades,0,9,0%,87.11
tesla 3 tyre size,0,8,0%,31
tesla wiper blades,0,8,0%,70.5
tesla model 3 flat tyre,0,8,0%,80.75
tesla model s warranty,0,8,0%,82.25
tire pressure tesla model s,0,7,0%,27.29
tesla model 3 tyre pressure reset,0,7,0%,37.14
tesla warranty tires,0,7,0%,38.43
tesla tire air pressure,0,7,0%,51.43
when to replace tesla tires,0,7,0%,54.86
tesla service near me,0,7,0%,79.14
tesla model s in the snow,0,7,0%,84.43
tesla model y tires michelin,0,6,0%,5.67
tesla tires.,0,6,0%,9
tesla model 3 tire replacement cost,0,5,0%,27.6
tesla model 3 replace tyre,0,5,0%,67.4